{"type":"FeatureCollection","features":[{"type":"Feature","properties":{"stage":1,"label":"Porto → Vilarinho","date":"02.09.2026","km":"2,6 km","note":"","mode":"walk"},"geometry":{"type":"LineString","coordinates":[[-8.611813,41.142905],[-8.611809,41.142836],[-8.611508,41.143037],[-8.611169,41.143062],[-8.611079,41.143148],[-8.611063,41.1435],[-8.610874,41.143693],[-8.610914,41.143901],[-8.61064,41.143967],[-8.610846,41.144977],[-8.611105,41.144998],[-8.611216,41.145125],[-8.611096,41.145139],[-8.61116,41.145355],[-8.61101,41.145621],[-8.610809,41.145679],[-8.610872,41.146015],[-8.611491,41.145954],[-8.611689,41.145832],[-8.612214,41.146062],[-8.613331,41.145995],[-8.613394,41.145879],[-8.613421,41.145967],[-8.613742,41.146021],[-8.613935,41.146229],[-8.615149,41.146936],[-8.615259,41.146862],[-8.615932,41.147162],[-8.615905,41.14734],[-8.616107,41.147407],[-8.6162,41.148041],[-8.616116,41.148174],[-8.61592,41.14822],[-8.616027,41.148137],[-8.616097,41.148222],[-8.616327,41.149212],[-8.616418,41.14934],[-8.616562,41.149322],[-8.61666,41.149754],[-8.616896,41.14994],[-8.616827,41.15015],[-8.61716,41.150637],[-8.617258,41.150991],[-8.617495,41.151218],[-8.617613,41.151478],[-8.617546,41.151576],[-8.617792,41.151745],[-8.617753,41.151921],[-8.617945,41.152112],[-8.617938,41.152266],[-8.618123,41.152398],[-8.618028,41.1525],[-8.618132,41.152514],[-8.61838,41.15291],[-8.618308,41.152992],[-8.618329,41.153277],[-8.618664,41.153508],[-8.618644,41.153676],[-8.618798,41.15385],[-8.618794,41.154252],[-8.61892,41.154348],[-8.618859,41.154506],[-8.619032,41.1548],[-8.61892,41.155098],[-8.619255,41.155571],[-8.619495,41.156142],[-8.619281,41.156362],[-8.619352,41.156328],[-8.619582,41.156624],[-8.619458,41.156735],[-8.619794,41.157542],[-8.619645,41.157818],[-8.619771,41.158197],[-8.619709,41.158317],[-8.620138,41.158723],[-8.620294,41.159315],[-8.620661,41.159532],[-8.620813,41.159842]]}},{"type":"Feature","properties":{"stage":1,"label":"Porto → Vilarinho","date":"02.09.2026","km":"11,0 km","note":"","mode":"bus"},"geometry":{"type":"LineString","coordinates":[[-8.620813,41.159842],[-8.621187,41.160223],[-8.621419,41.160175],[-8.622005,41.160421],[-8.622357,41.160369],[-8.622631,41.160479],[-8.622374,41.160543],[-8.622694,41.160669],[-8.62264,41.160943],[-8.622747,41.161059],[-8.622606,41.161289],[-8.622915,41.16159],[-8.623138,41.161661],[-8.62333,41.16227],[-8.623559,41.1624],[-8.623535,41.162601],[-8.6237,41.162859],[-8.62376,41.163296],[-8.624181,41.163789],[-8.624118,41.164445],[-8.623993,41.164439],[-8.624106,41.164382],[-8.624406,41.16462],[-8.624413,41.165381],[-8.624978,41.165602],[-8.624879,41.165746],[-8.624993,41.165781],[-8.625,41.166271],[-8.625176,41.166389],[-8.625075,41.16655],[-8.625129,41.166822],[-8.625267,41.166951],[-8.625082,41.167104],[-8.62532,41.167485],[-8.625262,41.16754],[-8.625455,41.168049],[-8.625391,41.168212],[-8.625515,41.168346],[-8.625359,41.168555],[-8.625609,41.168935],[-8.62559,41.169317],[-8.625766,41.170183],[-8.626001,41.170752],[-8.626066,41.171417],[-8.626175,41.171419],[-8.626073,41.171517],[-8.626179,41.171749],[-8.626231,41.172338],[-8.626389,41.172818],[-8.626591,41.173108],[-8.626524,41.173132],[-8.626574,41.173349],[-8.62682,41.173744],[-8.626736,41.173902],[-8.627091,41.1743],[-8.62726,41.174349],[-8.627522,41.174799],[-8.627641,41.175076],[-8.627665,41.175393],[-8.6276,41.175428],[-8.627834,41.175895],[-8.627761,41.175925],[-8.628004,41.176033],[-8.628243,41.17642],[-8.628229,41.176635],[-8.62893,41.177369],[-8.628824,41.177434],[-8.628757,41.177686],[-8.628938,41.177994],[-8.628921,41.178163],[-8.629116,41.178277],[-8.629227,41.17876],[-8.629554,41.179342],[-8.629456,41.179363],[-8.629412,41.179665],[-8.629919,41.180025],[-8.629871,41.180298],[-8.630174,41.180917],[-8.630173,41.181151],[-8.630394,41.18142],[-8.630709,41.181416],[-8.630628,41.181687],[-8.630813,41.181771],[-8.630911,41.182082],[-8.630873,41.182371],[-8.631011,41.182911],[-8.631359,41.183526],[-8.631422,41.184227],[-8.631847,41.18459],[-8.631836,41.184812],[-8.631722,41.184873],[-8.631956,41.186571],[-8.632193,41.18679],[-8.632382,41.186833],[-8.632283,41.186963],[-8.632364,41.18712],[-8.632253,41.187203],[-8.632406,41.187679],[-8.63239,41.188025],[-8.632663,41.188553],[-8.63258,41.188771],[-8.632899,41.189829],[-8.632878,41.190129],[-8.633056,41.19032],[-8.633098,41.190664],[-8.633199,41.190717],[-8.633146,41.190804],[-8.633325,41.191151],[-8.633397,41.191985],[-8.633683,41.192328],[-8.633589,41.19244],[-8.633822,41.193145],[-8.633737,41.193328],[-8.633955,41.193845],[-8.633809,41.194026],[-8.633799,41.194495],[-8.633727,41.194519],[-8.633809,41.194776],[-8.633749,41.19492],[-8.633861,41.194973],[-8.633677,41.195883],[-8.633718,41.196883],[-8.633607,41.197326],[-8.633664,41.197807],[-8.633586,41.198156],[-8.633669,41.198407],[-8.633476,41.199643],[-8.63354,41.200545],[-8.633411,41.200846],[-8.633589,41.201351],[-8.633556,41.201611],[-8.633424,41.201777],[-8.633503,41.201807],[-8.633494,41.202174],[-8.633506,41.202005],[-8.633399,41.202016],[-8.633521,41.202055],[-8.633568,41.202345],[-8.633465,41.202471],[-8.633519,41.202569],[-8.633403,41.202655],[-8.633487,41.202987],[-8.633342,41.203256],[-8.633251,41.204361],[-8.633132,41.204466],[-8.633241,41.20457],[-8.633239,41.205149],[-8.633351,41.20544],[-8.63329,41.205788],[-8.6334,41.206034],[-8.63327,41.206357],[-8.633202,41.206982],[-8.63333,41.207126],[-8.633165,41.207228],[-8.633092,41.20757],[-8.633113,41.207834],[-8.633212,41.207935],[-8.633092,41.208453],[-8.633205,41.208523],[-8.633217,41.208798],[-8.633103,41.210679],[-8.633881,41.212259],[-8.634467,41.213037],[-8.634833,41.213724],[-8.635633,41.215737],[-8.635534,41.215971],[-8.635639,41.216094],[-8.63565,41.216492],[-8.636062,41.217178],[-8.636318,41.217857],[-8.636875,41.218703],[-8.637143,41.219313],[-8.63731,41.219459],[-8.637453,41.219443],[-8.637379,41.219647],[-8.637524,41.219977],[-8.638116,41.220809],[-8.638474,41.221615],[-8.638467,41.221845],[-8.638847,41.222361],[-8.638939,41.222963],[-8.639222,41.223461],[-8.639257,41.223937],[-8.639395,41.224176],[-8.639508,41.225113],[-8.639614,41.225135],[-8.639634,41.225299],[-8.639883,41.225609],[-8.640015,41.226028],[-8.640138,41.226043],[-8.640369,41.226413],[-8.640348,41.226578],[-8.640843,41.227289],[-8.64077,41.227304],[-8.640845,41.227286],[-8.640728,41.227267],[-8.640833,41.227264],[-8.641315,41.227923],[-8.641902,41.228977],[-8.642248,41.229279],[-8.642606,41.229881],[-8.642852,41.230028],[-8.643374,41.230837],[-8.643543,41.231278],[-8.643551,41.231792],[-8.64372,41.232354],[-8.643658,41.232463],[-8.643815,41.232941],[-8.644577,41.233953],[-8.645574,41.234833],[-8.64565,41.235086],[-8.645448,41.235289],[-8.646362,41.235559],[-8.64677,41.235815],[-8.64732,41.236307],[-8.64773,41.236905],[-8.64788,41.237417],[-8.64805,41.237508],[-8.648011,41.23773],[-8.647899,41.237785],[-8.648069,41.23827],[-8.647997,41.239824],[-8.6487,41.240996],[-8.649093,41.240908],[-8.649204,41.24101],[-8.648692,41.241808],[-8.648565,41.242359],[-8.648617,41.242599],[-8.648882,41.242957],[-8.64889,41.243273],[-8.649054,41.243424],[-8.649086,41.243604],[-8.648841,41.243849],[-8.648525,41.24394],[-8.648442,41.244208],[-8.648428,41.244784],[-8.648545,41.245319],[-8.648826,41.245532],[-8.648718,41.245513],[-8.648795,41.245449],[-8.648665,41.245583],[-8.648923,41.246973]]}},{"type":"Feature","properties":{"stage":1,"label":"Porto → Vilarinho","date":"02.09.2026","km":"14,8 km","note":"","mode":"walk"},"geometry":{"type":"LineString","coordinates":[[-8.648923,41.246973],[-8.64878,41.247023],[-8.648483,41.24819],[-8.648209,41.248273],[-8.648456,41.248631],[-8.648121,41.249456],[-8.64823,41.249596],[-8.648166,41.249791],[-8.648384,41.250327],[-8.648295,41.250507],[-8.648,41.250686],[-8.647963,41.250886],[-8.648026,41.251092],[-8.647945,41.251571],[-8.648091,41.252372],[-8.64853,41.252844],[-8.648674,41.252851],[-8.649366,41.253384],[-8.649432,41.253583],[-8.649993,41.253938],[-8.649995,41.254065],[-8.649512,41.254387],[-8.649735,41.254541],[-8.64998,41.254561],[-8.650323,41.254854],[-8.650359,41.254944],[-8.650215,41.254933],[-8.650559,41.255494],[-8.649793,41.255673],[-8.649803,41.255778],[-8.64972,41.255698],[-8.649511,41.255766],[-8.648598,41.256144],[-8.647551,41.256338],[-8.647606,41.25645],[-8.644723,41.257166],[-8.644535,41.257426],[-8.645392,41.258407],[-8.645349,41.25858],[-8.645573,41.259067],[-8.646142,41.259658],[-8.646592,41.259974],[-8.646481,41.260058],[-8.646498,41.260156],[-8.646885,41.260524],[-8.647212,41.263043],[-8.647641,41.263872],[-8.64803,41.264326],[-8.6482,41.26477],[-8.648472,41.264944],[-8.648621,41.265197],[-8.648764,41.265214],[-8.648814,41.265344],[-8.649085,41.265358],[-8.650075,41.265766],[-8.650413,41.266127],[-8.65084,41.266343],[-8.651582,41.267208],[-8.652224,41.267781],[-8.654217,41.267986],[-8.654496,41.268243],[-8.655416,41.268242],[-8.655581,41.26834],[-8.657138,41.268474],[-8.657619,41.268786],[-8.658105,41.268819],[-8.659642,41.268677],[-8.660329,41.268519],[-8.660883,41.268562],[-8.661894,41.268453],[-8.662089,41.268514],[-8.663401,41.268302],[-8.663662,41.268401],[-8.663998,41.268975],[-8.664122,41.269388],[-8.664402,41.269738],[-8.664329,41.269802],[-8.664669,41.27042],[-8.664904,41.271435],[-8.665691,41.272079],[-8.665961,41.272496],[-8.666191,41.272573],[-8.666789,41.273279],[-8.667586,41.273935],[-8.668096,41.2741],[-8.668724,41.274453],[-8.669531,41.275626],[-8.670262,41.276388],[-8.670356,41.276605],[-8.670499,41.276661],[-8.670727,41.277045],[-8.670839,41.277031],[-8.670822,41.277233],[-8.671011,41.277466],[-8.671077,41.277927],[-8.671299,41.278233],[-8.671386,41.278551],[-8.67143,41.278474],[-8.671453,41.278582],[-8.671887,41.278854],[-8.672297,41.278938],[-8.672369,41.279317],[-8.672711,41.279804],[-8.672746,41.280248],[-8.672626,41.281457],[-8.672234,41.282217],[-8.672227,41.283244],[-8.672676,41.284032],[-8.672643,41.284118],[-8.673027,41.284995],[-8.673569,41.285771],[-8.673785,41.28636],[-8.673942,41.286473],[-8.673895,41.286663],[-8.674146,41.287741],[-8.674087,41.287765],[-8.674148,41.287745],[-8.674098,41.287834],[-8.674186,41.287812],[-8.674077,41.287803],[-8.6742,41.28781],[-8.674005,41.287668],[-8.674245,41.287835],[-8.674112,41.287709],[-8.674192,41.287788],[-8.674097,41.287851],[-8.674186,41.287823],[-8.674111,41.28779],[-8.674216,41.287936],[-8.674198,41.288093],[-8.674482,41.288118],[-8.674361,41.288304],[-8.67464,41.289073],[-8.67485,41.289306],[-8.675168,41.289985],[-8.676,41.290934],[-8.676146,41.291564],[-8.678211,41.293246],[-8.679421,41.293895],[-8.680003,41.294444],[-8.680342,41.295275],[-8.680488,41.296475],[-8.680319,41.297619],[-8.67975,41.299209],[-8.67951,41.301052],[-8.679305,41.301142],[-8.679197,41.301385],[-8.67897,41.302295],[-8.679069,41.302651],[-8.678892,41.302947],[-8.678888,41.303241],[-8.678592,41.304207],[-8.678763,41.30487],[-8.678677,41.305285],[-8.678766,41.306406],[-8.679013,41.307374],[-8.679177,41.307634],[-8.679116,41.307819],[-8.679255,41.307886],[-8.678982,41.308162],[-8.678983,41.308365],[-8.679126,41.308413],[-8.679043,41.308413],[-8.679077,41.308521],[-8.679244,41.308634],[-8.679076,41.308797],[-8.679172,41.309069],[-8.679156,41.310213],[-8.678976,41.310523],[-8.678937,41.310971],[-8.678838,41.311026],[-8.678063,41.310915],[-8.677241,41.310976],[-8.675527,41.310526],[-8.673667,41.3107],[-8.673053,41.311224],[-8.673061,41.311674],[-8.673405,41.312281],[-8.673274,41.31264],[-8.673293,41.312914],[-8.673189,41.313074],[-8.672754,41.313276],[-8.672701,41.313418],[-8.673076,41.314477],[-8.673005,41.315242],[-8.673097,41.315713],[-8.673016,41.315702],[-8.673134,41.315856],[-8.673139,41.316169],[-8.67331,41.316665],[-8.673177,41.316615],[-8.6733,41.316637],[-8.673527,41.316973],[-8.673912,41.317264],[-8.673986,41.318125],[-8.674057,41.318054],[-8.673958,41.318065],[-8.674025,41.318729],[-8.674804,41.320164],[-8.674801,41.321587],[-8.675398,41.323516],[-8.675339,41.323714],[-8.675184,41.323771],[-8.674329,41.324649],[-8.673532,41.325052],[-8.673866,41.325591],[-8.673602,41.326005],[-8.673602,41.326383],[-8.673111,41.327118],[-8.673198,41.327206],[-8.673119,41.327081],[-8.673257,41.327174],[-8.673098,41.327073],[-8.673221,41.327179],[-8.673125,41.327122],[-8.673208,41.327132],[-8.672923,41.327653],[-8.67245,41.328212],[-8.672184,41.328378],[-8.671973,41.328746],[-8.671967,41.329393],[-8.671846,41.329845],[-8.671953,41.330401],[-8.670281,41.331919],[-8.670211,41.331923],[-8.669987,41.332045],[-8.669634,41.332277],[-8.669187,41.332653],[-8.669383,41.332577],[-8.669662,41.332495],[-8.669997,41.332434],[-8.670533,41.332417],[-8.670609,41.332448],[-8.670729,41.332515],[-8.670813,41.33255],[-8.670896,41.332577],[-8.671285,41.332539],[-8.671402,41.332524],[-8.671509,41.332542],[-8.671594,41.332595],[-8.671931,41.332973],[-8.672076,41.333179],[-8.672274,41.333509],[-8.672331,41.333636],[-8.672402,41.333922],[-8.672494,41.334206],[-8.672485,41.334341],[-8.672442,41.33446],[-8.672062,41.334973],[-8.672075,41.334977],[-8.673443,41.335335],[-8.675521,41.33588],[-8.677206,41.336317],[-8.677706,41.336432],[-8.678175,41.336556],[-8.678348,41.336602],[-8.678852,41.336732],[-8.679305,41.336886],[-8.679612,41.337057],[-8.680173,41.337463],[-8.681258,41.338195],[-8.681427,41.338298],[-8.6819,41.338195],[-8.682317,41.338106],[-8.682033,41.338824],[-8.681745,41.339605],[-8.68143,41.340431],[-8.680989,41.340362],[-8.680889,41.340332],[-8.680828,41.340303]]}},{"type":"Feature","properties":{"stage":2,"label":"Vilarinho → Pedra Furada","date":"03.09.2026","km":"21,8 km","note":"","mode":"walk"},"geometry":{"type":"LineString","coordinates":[[-8.680828,41.340303],[-8.680889,41.340332],[-8.680989,41.340362],[-8.68143,41.340431],[-8.681745,41.339605],[-8.682033,41.338824],[-8.682317,41.338106],[-8.6819,41.338195],[-8.681427,41.338298],[-8.681258,41.338195],[-8.680173,41.337463],[-8.679612,41.337057],[-8.679305,41.336886],[-8.678852,41.336732],[-8.678348,41.336602],[-8.678175,41.336556],[-8.677706,41.336432],[-8.677206,41.336317],[-8.675521,41.33588],[-8.673443,41.335335],[-8.672075,41.334977],[-8.672062,41.334973],[-8.672442,41.33446],[-8.672485,41.334341],[-8.672494,41.334206],[-8.672402,41.333922],[-8.672331,41.333636],[-8.672274,41.333509],[-8.672076,41.333179],[-8.671931,41.332973],[-8.671594,41.332595],[-8.671509,41.332542],[-8.671402,41.332524],[-8.671285,41.332539],[-8.670896,41.332577],[-8.670813,41.33255],[-8.670729,41.332515],[-8.670609,41.332448],[-8.670533,41.332417],[-8.669997,41.332434],[-8.669662,41.332495],[-8.669383,41.332577],[-8.669187,41.332653],[-8.669634,41.332277],[-8.669987,41.332045],[-8.670211,41.331923],[-8.670343,41.331917],[-8.670823,41.331628],[-8.671218,41.331575],[-8.672726,41.331026],[-8.673051,41.331028],[-8.673729,41.331217],[-8.67425,41.331672],[-8.674587,41.332346],[-8.675176,41.332683],[-8.675275,41.332896],[-8.67595,41.333104],[-8.676846,41.333532],[-8.677591,41.334106],[-8.678107,41.334264],[-8.67956,41.334204],[-8.680354,41.334806],[-8.679682,41.335749],[-8.679765,41.335897],[-8.679669,41.335977],[-8.679737,41.336414],[-8.67989,41.336467],[-8.679941,41.336702],[-8.680263,41.337112],[-8.680195,41.337405],[-8.681193,41.338229],[-8.681546,41.338262],[-8.682037,41.338162],[-8.682031,41.338299],[-8.682161,41.33831],[-8.682168,41.338387],[-8.681963,41.338852],[-8.681985,41.339081],[-8.68161,41.339723],[-8.681487,41.340338],[-8.681168,41.340988],[-8.680801,41.342146],[-8.678818,41.34722],[-8.678844,41.34751],[-8.678489,41.348057],[-8.678521,41.348571],[-8.678315,41.348703],[-8.67811,41.349223],[-8.678285,41.349485],[-8.678838,41.349655],[-8.680422,41.34968],[-8.680667,41.349765],[-8.681097,41.35017],[-8.681132,41.350309],[-8.681625,41.350594],[-8.68178,41.350905],[-8.680603,41.351694],[-8.680271,41.352065],[-8.680126,41.352389],[-8.679877,41.353638],[-8.679642,41.353848],[-8.679468,41.354225],[-8.679511,41.354339],[-8.679082,41.355372],[-8.679038,41.355772],[-8.678712,41.356529],[-8.678604,41.357108],[-8.678244,41.35779],[-8.678614,41.358816],[-8.678476,41.358832],[-8.67848,41.358918],[-8.677842,41.359402],[-8.678554,41.360153],[-8.678998,41.360372],[-8.679292,41.361772],[-8.679307,41.36286],[-8.679663,41.363554],[-8.679222,41.363543],[-8.678734,41.36335],[-8.677574,41.363567],[-8.677312,41.363832],[-8.677274,41.364427],[-8.677494,41.364595],[-8.677476,41.364681],[-8.677867,41.364915],[-8.677961,41.365585],[-8.678167,41.366031],[-8.678491,41.366413],[-8.678573,41.367322],[-8.678402,41.367784],[-8.678971,41.368385],[-8.678801,41.368685],[-8.678657,41.368736],[-8.678691,41.368854],[-8.678449,41.368917],[-8.678401,41.369027],[-8.678482,41.36928],[-8.678576,41.369308],[-8.67794,41.369707],[-8.675806,41.36908],[-8.675575,41.368933],[-8.673618,41.369104],[-8.673389,41.369165],[-8.673726,41.369903],[-8.67387,41.370479],[-8.673826,41.370637],[-8.672164,41.370865],[-8.671844,41.370812],[-8.671256,41.37041],[-8.671032,41.370391],[-8.67036,41.370562],[-8.66944,41.371217],[-8.668747,41.371399],[-8.668944,41.371919],[-8.668923,41.372204],[-8.669117,41.373003],[-8.669295,41.373068],[-8.669232,41.373259],[-8.669364,41.37367],[-8.669664,41.374369],[-8.669843,41.37458],[-8.669927,41.37516],[-8.670064,41.375206],[-8.670002,41.37542],[-8.6699,41.375458],[-8.669971,41.375505],[-8.669882,41.375837],[-8.670334,41.377072],[-8.670366,41.377375],[-8.66983,41.378316],[-8.66911,41.380647],[-8.669204,41.381459],[-8.669042,41.383772],[-8.669182,41.384751],[-8.669154,41.385781],[-8.66899,41.38605],[-8.668299,41.38644],[-8.667999,41.386788],[-8.668062,41.38706],[-8.668489,41.387272],[-8.669323,41.387968],[-8.669163,41.388345],[-8.668978,41.388373],[-8.668524,41.388864],[-8.668559,41.389684],[-8.668449,41.389882],[-8.668373,41.390575],[-8.66809,41.391011],[-8.667876,41.391804],[-8.667451,41.3926],[-8.666622,41.393202],[-8.665989,41.393808],[-8.665819,41.394127],[-8.665878,41.394392],[-8.666801,41.395142],[-8.667184,41.39559],[-8.667008,41.396086],[-8.6668,41.396172],[-8.666795,41.396253],[-8.66689,41.396215],[-8.666773,41.396196],[-8.666862,41.396258],[-8.666833,41.396814],[-8.666064,41.397958],[-8.665064,41.398568],[-8.664201,41.399533],[-8.663494,41.399986],[-8.662811,41.401064],[-8.662796,41.401816],[-8.6624,41.402249],[-8.662201,41.402727],[-8.662719,41.405535],[-8.663064,41.406146],[-8.663478,41.407729],[-8.66343,41.40789],[-8.663586,41.408548],[-8.664646,41.411492],[-8.664851,41.411831],[-8.66468,41.412131],[-8.664918,41.412272],[-8.666019,41.415356],[-8.666162,41.416035],[-8.666781,41.417318],[-8.666964,41.418877],[-8.667682,41.421486],[-8.66763,41.421721],[-8.667523,41.421758],[-8.668119,41.422158],[-8.66791,41.422311],[-8.668298,41.422996],[-8.668306,41.424038],[-8.668185,41.424272],[-8.667769,41.424519],[-8.666992,41.425217],[-8.666962,41.425368],[-8.666673,41.42566],[-8.666524,41.426057],[-8.666418,41.426089],[-8.666181,41.426659],[-8.665846,41.427097],[-8.665503,41.427268],[-8.665209,41.42803],[-8.664312,41.428719],[-8.663477,41.430153],[-8.662836,41.430778],[-8.661102,41.431481],[-8.660459,41.432316],[-8.659453,41.433358],[-8.658775,41.43422],[-8.658426,41.435296],[-8.658074,41.435789],[-8.657169,41.436208],[-8.656981,41.4367],[-8.656402,41.43718],[-8.65632,41.437409],[-8.655802,41.438034],[-8.655853,41.438104],[-8.655795,41.438053],[-8.65533,41.438213],[-8.655029,41.438505],[-8.653144,41.441529],[-8.652285,41.441935],[-8.652019,41.442289],[-8.651477,41.442678],[-8.650975,41.443299],[-8.651017,41.443346],[-8.650866,41.443412],[-8.650564,41.443891],[-8.650477,41.444189],[-8.650566,41.44442],[-8.650402,41.444657],[-8.64912,41.445284],[-8.648618,41.445798],[-8.646957,41.446434],[-8.647236,41.447103],[-8.646675,41.447873],[-8.646093,41.449454],[-8.645498,41.45015],[-8.643868,41.451244],[-8.642737,41.452308],[-8.642097,41.45347],[-8.642117,41.453723],[-8.64174,41.454041],[-8.641638,41.454343],[-8.641523,41.454346],[-8.641651,41.454343],[-8.641503,41.455022],[-8.641195,41.455759],[-8.641401,41.456217],[-8.641444,41.456996],[-8.641532,41.457104],[-8.642161,41.457166],[-8.643062,41.457809],[-8.644265,41.458248],[-8.641431,41.458708],[-8.640841,41.458288],[-8.64048,41.458152],[-8.638471,41.458124],[-8.638177,41.458048],[-8.638161,41.45847],[-8.637396,41.459155],[-8.637544,41.459685],[-8.637525,41.460311],[-8.637118,41.460767],[-8.637198,41.461056],[-8.637308,41.461136],[-8.636819,41.46132],[-8.636737,41.461473],[-8.636738,41.4619],[-8.63685,41.462184],[-8.636318,41.462693],[-8.636373,41.463345],[-8.635624,41.463806],[-8.635057,41.464017],[-8.634885,41.464299],[-8.635079,41.464967],[-8.635416,41.465261],[-8.635769,41.465823],[-8.636065,41.466049],[-8.636286,41.466525],[-8.63667,41.467447],[-8.63666,41.467756],[-8.636515,41.467898]]}},{"type":"Feature","properties":{"stage":5,"label":"Ponte de Lima → Rubiães","date":"06.09.2026","km":"19,3 km","note":"Königsetappe","mode":"walk"},"geometry":{"type":"LineString","coordinates":[[-8.585291,41.767474],[-8.585201,41.767362],[-8.584968,41.767631],[-8.585041,41.76793],[-8.584625,41.768458],[-8.584494,41.768868],[-8.584686,41.768804],[-8.588002,41.769537],[-8.589238,41.769711],[-8.589598,41.769908],[-8.589613,41.770047],[-8.589488,41.769995],[-8.589564,41.770043],[-8.589506,41.769998],[-8.589243,41.770681],[-8.589112,41.77113],[-8.589122,41.771527],[-8.588306,41.77205],[-8.588442,41.773085],[-8.589831,41.774659],[-8.590221,41.775384],[-8.590142,41.775496],[-8.590186,41.775745],[-8.589933,41.77608],[-8.589731,41.776758],[-8.589633,41.777576],[-8.589843,41.777805],[-8.589813,41.777947],[-8.589993,41.778161],[-8.590314,41.779133],[-8.590382,41.779058],[-8.590299,41.779055],[-8.590376,41.779163],[-8.590212,41.779349],[-8.590224,41.779773],[-8.590543,41.780555],[-8.591074,41.781164],[-8.591453,41.781833],[-8.591768,41.782058],[-8.592026,41.782438],[-8.592021,41.782733],[-8.591843,41.783223],[-8.591945,41.783642],[-8.591793,41.783649],[-8.591888,41.783598],[-8.591732,41.78407],[-8.591446,41.784572],[-8.590886,41.786774],[-8.590943,41.786952],[-8.591097,41.787057],[-8.591047,41.787243],[-8.591267,41.787756],[-8.591262,41.788644],[-8.591534,41.788908],[-8.591787,41.789528],[-8.592003,41.789741],[-8.592094,41.79025],[-8.592043,41.790547],[-8.591839,41.79071],[-8.591527,41.79079],[-8.59148,41.790929],[-8.592323,41.791677],[-8.592273,41.791617],[-8.592372,41.791611],[-8.592601,41.792296],[-8.592554,41.792547],[-8.592694,41.79311],[-8.592962,41.793491],[-8.592764,41.793732],[-8.592593,41.794292],[-8.592238,41.794332],[-8.59181,41.79492],[-8.592006,41.795196],[-8.591738,41.795315],[-8.591014,41.796085],[-8.59035,41.79632],[-8.590266,41.7965],[-8.590253,41.796784],[-8.590562,41.797156],[-8.591199,41.797453],[-8.591304,41.797669],[-8.591433,41.797697],[-8.591906,41.798168],[-8.591919,41.79842],[-8.59177,41.798644],[-8.591842,41.798901],[-8.591144,41.799295],[-8.591088,41.799829],[-8.591277,41.800192],[-8.591552,41.800464],[-8.59295,41.801173],[-8.593553,41.801812],[-8.593276,41.802328],[-8.593401,41.802621],[-8.593217,41.802642],[-8.592511,41.803075],[-8.592421,41.803257],[-8.592905,41.803625],[-8.593047,41.803637],[-8.593275,41.804139],[-8.593617,41.804262],[-8.593984,41.804229],[-8.594682,41.804525],[-8.594937,41.804773],[-8.59493,41.805002],[-8.595248,41.805548],[-8.596074,41.805868],[-8.597187,41.806871],[-8.597503,41.807408],[-8.597494,41.807678],[-8.598102,41.808294],[-8.59859,41.809258],[-8.598582,41.809569],[-8.598323,41.809841],[-8.598272,41.810029],[-8.598696,41.810349],[-8.598692,41.81069],[-8.59845,41.810792],[-8.59863,41.810912],[-8.598723,41.810717],[-8.598641,41.810716],[-8.598681,41.810857],[-8.598932,41.811275],[-8.598867,41.811566],[-8.598512,41.81151],[-8.598664,41.81156],[-8.59872,41.812005],[-8.599,41.812179],[-8.599448,41.812271],[-8.599834,41.813102],[-8.599699,41.813186],[-8.59957,41.813118],[-8.599073,41.813162],[-8.598957,41.813308],[-8.598947,41.813699],[-8.599094,41.813842],[-8.598921,41.81441],[-8.598939,41.815001],[-8.598738,41.815252],[-8.598894,41.815256],[-8.598878,41.81576],[-8.599019,41.816041],[-8.598218,41.816022],[-8.598041,41.816111],[-8.59801,41.816368],[-8.598106,41.816556],[-8.59802,41.816662],[-8.597711,41.816601],[-8.597271,41.81669],[-8.596936,41.817147],[-8.596788,41.817769],[-8.596949,41.818125],[-8.597397,41.818624],[-8.597979,41.818868],[-8.598254,41.819225],[-8.598573,41.819378],[-8.598963,41.819766],[-8.599156,41.82036],[-8.598761,41.820936],[-8.598827,41.821073],[-8.59891,41.82097],[-8.598764,41.82104],[-8.598711,41.82127],[-8.598485,41.821501],[-8.598533,41.821574],[-8.598334,41.821686],[-8.598379,41.821846],[-8.59813,41.822139],[-8.597811,41.822268],[-8.597525,41.822252],[-8.597272,41.822614],[-8.59693,41.822748],[-8.596848,41.822991],[-8.596935,41.823255],[-8.596399,41.823653],[-8.595769,41.823599],[-8.59545,41.823759],[-8.595882,41.824224],[-8.596523,41.824675],[-8.596919,41.825213],[-8.596278,41.825884],[-8.595761,41.826808],[-8.595907,41.827275],[-8.5958,41.827757],[-8.595901,41.828084],[-8.595701,41.829068],[-8.595853,41.829147],[-8.595805,41.829634],[-8.596082,41.829788],[-8.59615,41.83016],[-8.596062,41.830241],[-8.596151,41.83036],[-8.59613,41.830614],[-8.595958,41.830861],[-8.596013,41.831287],[-8.596307,41.831912],[-8.596927,41.832367],[-8.596304,41.832382],[-8.596052,41.832632],[-8.596298,41.832868],[-8.596276,41.833093],[-8.596415,41.833342],[-8.596335,41.833351],[-8.596555,41.833932],[-8.596489,41.834059],[-8.596615,41.834148],[-8.596731,41.834488],[-8.59659,41.834982],[-8.596627,41.835429],[-8.596906,41.835837],[-8.597053,41.836449],[-8.597212,41.836649],[-8.597437,41.836688],[-8.597823,41.836978],[-8.599233,41.837507],[-8.599375,41.83766],[-8.599356,41.837854],[-8.599971,41.83841],[-8.600693,41.838735],[-8.600979,41.839432],[-8.600921,41.839508],[-8.601038,41.839856],[-8.601074,41.839802],[-8.601211,41.839966],[-8.601209,41.840272],[-8.600745,41.840833],[-8.600703,41.841049],[-8.600872,41.841445],[-8.600829,41.841914],[-8.600589,41.842265],[-8.60013,41.842621],[-8.600134,41.842819],[-8.600465,41.843101],[-8.600395,41.843581],[-8.60051,41.843593],[-8.600073,41.843556],[-8.599869,41.843663],[-8.599927,41.84377],[-8.600221,41.843873],[-8.600046,41.844329],[-8.600831,41.844904],[-8.600895,41.845367],[-8.601455,41.84626],[-8.601666,41.84684],[-8.602564,41.847194],[-8.603313,41.847678],[-8.603166,41.847928],[-8.602733,41.848005],[-8.602605,41.848432],[-8.602975,41.849319],[-8.603557,41.849697],[-8.603508,41.850065],[-8.603739,41.850531],[-8.603659,41.850551],[-8.603722,41.850782],[-8.603603,41.85085],[-8.603683,41.851159],[-8.603561,41.851369],[-8.603772,41.851589],[-8.603801,41.852227],[-8.604401,41.852452],[-8.604233,41.852734],[-8.604154,41.853222],[-8.604314,41.854161],[-8.604064,41.854663],[-8.604287,41.855182],[-8.604655,41.8554],[-8.604578,41.855579],[-8.604003,41.855562],[-8.603811,41.855673],[-8.603757,41.856131],[-8.603823,41.856586],[-8.604013,41.856587],[-8.604007,41.856957],[-8.604189,41.857091],[-8.604121,41.857237],[-8.604238,41.857291],[-8.604154,41.857322],[-8.604199,41.857496],[-8.604487,41.857525],[-8.604453,41.857746],[-8.604233,41.857803],[-8.604455,41.858072],[-8.604331,41.858173],[-8.604305,41.858403],[-8.604575,41.858822],[-8.604622,41.859091],[-8.604783,41.859066],[-8.604858,41.859146],[-8.604826,41.859348],[-8.604957,41.859246],[-8.604911,41.859303],[-8.605001,41.859276],[-8.604989,41.859353],[-8.605236,41.859359],[-8.605181,41.859484],[-8.605267,41.859505],[-8.605153,41.859641],[-8.605221,41.859673],[-8.605234,41.859584],[-8.605216,41.859751],[-8.60535,41.859804],[-8.605448,41.860286],[-8.605537,41.86025],[-8.605405,41.860518],[-8.605515,41.860442],[-8.605517,41.860622],[-8.60551,41.860481],[-8.605442,41.860583],[-8.605513,41.860612],[-8.60552,41.860495],[-8.605481,41.860574],[-8.605667,41.86073],[-8.605664,41.861072],[-8.605844,41.861002],[-8.605816,41.861122],[-8.60609,41.86125],[-8.606024,41.861352],[-8.606111,41.861426],[-8.606013,41.861582],[-8.606097,41.861598],[-8.606087,41.861849],[-8.606286,41.86196],[-8.606321,41.862194],[-8.606425,41.862276],[-8.606704,41.86232],[-8.606757,41.862623],[-8.607163,41.862643],[-8.607999,41.863051],[-8.608256,41.86304],[-8.608307,41.862793],[-8.608661,41.862753],[-8.609157,41.8631],[-8.609817,41.863253],[-8.610037,41.863519],[-8.611236,41.863879],[-8.611983,41.864502],[-8.612267,41.864624],[-8.612399,41.864932],[-8.612602,41.865022],[-8.613423,41.865821],[-8.613821,41.865982],[-8.614021,41.866228],[-8.614365,41.866279],[-8.614652,41.866559],[-8.61478,41.867476],[-8.614642,41.868236],[-8.614759,41.868454],[-8.614956,41.868541],[-8.614869,41.868694],[-8.614958,41.868899],[-8.614947,41.869063],[-8.614754,41.869104],[-8.614718,41.869203],[-8.614574,41.869926],[-8.614649,41.870333],[-8.614479,41.87057],[-8.614471,41.870756],[-8.614694,41.871044],[-8.614758,41.87138],[-8.615126,41.871846],[-8.615437,41.872651],[-8.616581,41.873632],[-8.616967,41.873819],[-8.617667,41.874362],[-8.618486,41.875329],[-8.618847,41.876466],[-8.618728,41.878256],[-8.619091,41.878718],[-8.619283,41.879333],[-8.619107,41.880062],[-8.619649,41.88124],[-8.620136,41.881596],[-8.620724,41.882446],[-8.620666,41.882854],[-8.620303,41.883272],[-8.620034,41.883983],[-8.619853,41.884188],[-8.619539,41.884258],[-8.619594,41.884529],[-8.619426,41.884726],[-8.619501,41.885039],[-8.619969,41.885369],[-8.621028,41.885473],[-8.621893,41.885763],[-8.622164,41.886378],[-8.622545,41.886787],[-8.622838,41.886816],[-8.623079,41.887108],[-8.623512,41.887242],[-8.62359,41.887416],[-8.62458,41.888226],[-8.625207,41.888517],[-8.625525,41.888856],[-8.626137,41.888671],[-8.626249,41.888761],[-8.626219,41.889458],[-8.626004,41.89032],[-8.625712,41.890825],[-8.625137,41.891244],[-8.62529,41.891761],[-8.624802,41.89218],[-8.624529,41.892973],[-8.624212,41.893309],[-8.623956,41.894471],[-8.624009,41.894699],[-8.623888,41.895589],[-8.624041,41.895737],[-8.624143,41.89617],[-8.624492,41.896423],[-8.624484,41.896749],[-8.624577,41.896875],[-8.624567,41.897292],[-8.624427,41.897383],[-8.624037,41.898436],[-8.624104,41.899296],[-8.624225,41.899673],[-8.624469,41.899693],[-8.624629,41.899593],[-8.624693,41.89966],[-8.624073,41.900386],[-8.623129,41.900975],[-8.622822,41.901336]]}},{"type":"Feature","properties":{"stage":6,"label":"Rubiães → Tui","date":"07.09.2026","km":"20,2 km","note":"Grenzübertritt","mode":"walk"},"geometry":{"type":"LineString","coordinates":[[-8.622823,41.901369],[-8.622937,41.901481],[-8.622914,41.901757],[-8.623108,41.901216],[-8.623355,41.900988],[-8.624564,41.900823],[-8.624952,41.901308],[-8.625008,41.901477],[-8.624932,41.901792],[-8.625151,41.902555],[-8.625722,41.903801],[-8.626016,41.904062],[-8.626589,41.904204],[-8.626728,41.904375],[-8.626508,41.904636],[-8.626631,41.905138],[-8.626537,41.906104],[-8.626573,41.906257],[-8.626762,41.906331],[-8.626571,41.907119],[-8.626882,41.907627],[-8.626867,41.907565],[-8.626973,41.907614],[-8.627068,41.908181],[-8.626353,41.908932],[-8.626267,41.90948],[-8.625978,41.910044],[-8.626125,41.910466],[-8.626085,41.91084],[-8.626426,41.911397],[-8.62646,41.911715],[-8.62691,41.912289],[-8.627274,41.912543],[-8.627611,41.913087],[-8.627301,41.914235],[-8.627284,41.914626],[-8.62738,41.914781],[-8.627176,41.915097],[-8.62736,41.915311],[-8.627537,41.915771],[-8.627626,41.916079],[-8.627509,41.916397],[-8.627812,41.916924],[-8.628127,41.91788],[-8.628104,41.918513],[-8.628228,41.919114],[-8.628601,41.919483],[-8.628643,41.919946],[-8.628498,41.920291],[-8.62875,41.92079],[-8.62851,41.921193],[-8.62806,41.921383],[-8.627924,41.921784],[-8.627964,41.922393],[-8.628326,41.923086],[-8.628199,41.923351],[-8.62819,41.923702],[-8.628098,41.923738],[-8.628127,41.924118],[-8.628724,41.925486],[-8.628023,41.925552],[-8.627533,41.925818],[-8.627273,41.925757],[-8.626959,41.92552],[-8.626719,41.925568],[-8.626629,41.925938],[-8.626552,41.925848],[-8.626733,41.926318],[-8.626625,41.926831],[-8.626802,41.927086],[-8.626849,41.928084],[-8.627368,41.929148],[-8.627679,41.929551],[-8.627743,41.929877],[-8.628086,41.930145],[-8.628183,41.93071],[-8.628037,41.931412],[-8.628292,41.931754],[-8.628184,41.932012],[-8.628259,41.932172],[-8.628736,41.932174],[-8.629493,41.93258],[-8.62987,41.932658],[-8.629804,41.932704],[-8.630799,41.934516],[-8.630805,41.934739],[-8.631112,41.93535],[-8.631331,41.935488],[-8.631127,41.935559],[-8.630422,41.935441],[-8.630411,41.935624],[-8.630307,41.935609],[-8.630293,41.936429],[-8.630068,41.936659],[-8.630185,41.936803],[-8.630069,41.936853],[-8.630119,41.937084],[-8.629921,41.937235],[-8.629749,41.937935],[-8.629786,41.938215],[-8.630416,41.938584],[-8.630542,41.938859],[-8.630487,41.939051],[-8.630732,41.939495],[-8.630609,41.939628],[-8.630706,41.939875],[-8.630652,41.940117],[-8.63095,41.941666],[-8.63082,41.941813],[-8.630983,41.942046],[-8.630657,41.942683],[-8.630723,41.942909],[-8.630626,41.943878],[-8.630388,41.94452],[-8.630131,41.944779],[-8.629388,41.945149],[-8.629574,41.945377],[-8.629543,41.945503],[-8.629807,41.94592],[-8.629788,41.946066],[-8.630298,41.946222],[-8.630453,41.946479],[-8.630607,41.946529],[-8.630616,41.946854],[-8.630858,41.94714],[-8.630633,41.947775],[-8.631159,41.948216],[-8.631357,41.948513],[-8.631986,41.948795],[-8.63226,41.949023],[-8.632418,41.949588],[-8.633334,41.950535],[-8.633844,41.951656],[-8.634174,41.952127],[-8.634321,41.952703],[-8.634577,41.953066],[-8.634104,41.954142],[-8.633714,41.954632],[-8.632953,41.955312],[-8.632802,41.955575],[-8.632822,41.955981],[-8.632925,41.956184],[-8.632856,41.956216],[-8.632905,41.956774],[-8.632617,41.957809],[-8.632646,41.958656],[-8.632009,41.96046],[-8.632067,41.960541],[-8.631933,41.961193],[-8.631538,41.961998],[-8.631447,41.962551],[-8.630878,41.962856],[-8.631034,41.963143],[-8.630793,41.96398],[-8.63075,41.964626],[-8.631049,41.965185],[-8.631049,41.96539],[-8.631408,41.96558],[-8.631729,41.965971],[-8.632611,41.967475],[-8.632663,41.967828],[-8.632589,41.968388],[-8.632698,41.9689],[-8.632969,41.969499],[-8.633019,41.971058],[-8.633169,41.972171],[-8.633317,41.972459],[-8.633406,41.973225],[-8.633879,41.974914],[-8.633957,41.975916],[-8.634295,41.977443],[-8.633951,41.977745],[-8.634634,41.978909],[-8.63453,41.979565],[-8.634757,41.98002],[-8.634662,41.980029],[-8.634729,41.980106],[-8.634672,41.980333],[-8.6348,41.980698],[-8.634842,41.981912],[-8.633853,41.982877],[-8.633701,41.98337],[-8.633259,41.983772],[-8.63318,41.984216],[-8.633327,41.984478],[-8.633456,41.984503],[-8.633444,41.984428],[-8.633597,41.98453],[-8.63439,41.985847],[-8.634564,41.985919],[-8.634628,41.98617],[-8.635218,41.986558],[-8.635223,41.986788],[-8.635338,41.986737],[-8.63525,41.986785],[-8.635423,41.987026],[-8.635364,41.987957],[-8.634941,41.989334],[-8.635122,41.990349],[-8.635522,41.991627],[-8.635571,41.992816],[-8.635503,41.993365],[-8.635686,41.994519],[-8.635866,41.994914],[-8.635653,41.997145],[-8.635826,41.998409],[-8.636858,42.001898],[-8.637063,42.002278],[-8.637588,42.002482],[-8.637408,42.003105],[-8.637424,42.0033],[-8.637557,42.003307],[-8.637533,42.003484],[-8.637676,42.003595],[-8.637716,42.003883],[-8.63747,42.008798],[-8.638435,42.009314],[-8.639305,42.009585],[-8.639915,42.009609],[-8.641389,42.009427],[-8.641962,42.009618],[-8.642722,42.009686],[-8.643087,42.010105],[-8.643102,42.010249],[-8.643017,42.010204],[-8.642946,42.010313],[-8.642507,42.011238],[-8.642663,42.011467],[-8.643048,42.011651],[-8.64341,42.01225],[-8.643278,42.012754],[-8.643255,42.013551],[-8.642976,42.014031],[-8.642979,42.014264],[-8.643074,42.014781],[-8.643427,42.015196],[-8.643692,42.016035],[-8.643707,42.016367],[-8.643544,42.016637],[-8.643498,42.01861],[-8.643752,42.019614],[-8.644318,42.021159],[-8.644162,42.02126],[-8.644196,42.021334],[-8.642374,42.022225],[-8.642032,42.022494],[-8.641585,42.022703],[-8.641097,42.022721],[-8.641063,42.022828],[-8.640948,42.022845],[-8.640858,42.023088],[-8.641133,42.023756],[-8.641022,42.024203],[-8.641194,42.024415],[-8.641219,42.024729],[-8.641616,42.024846],[-8.641562,42.025125],[-8.641747,42.025303],[-8.641712,42.025688],[-8.641952,42.02632],[-8.642165,42.026673],[-8.642471,42.026743],[-8.64254,42.026863],[-8.642278,42.027088],[-8.642225,42.027307],[-8.642554,42.027738],[-8.64277,42.027824],[-8.643805,42.02935],[-8.643944,42.029392],[-8.6441,42.029222],[-8.644099,42.02906],[-8.644491,42.029248],[-8.644712,42.029021],[-8.644891,42.029028],[-8.644862,42.029183],[-8.644974,42.029396],[-8.644713,42.029676],[-8.644759,42.029626],[-8.644781,42.029817],[-8.644724,42.030085],[-8.644552,42.03035],[-8.644648,42.030406],[-8.644666,42.030578],[-8.64475,42.030554],[-8.644681,42.03062],[-8.64481,42.030664],[-8.644834,42.030551],[-8.645013,42.030634],[-8.645069,42.030981],[-8.645172,42.031032],[-8.64516,42.031271],[-8.645056,42.031314],[-8.645154,42.031356],[-8.645224,42.0316],[-8.645408,42.03171],[-8.645422,42.032027],[-8.645594,42.032171],[-8.645621,42.032542],[-8.645523,42.03263],[-8.645602,42.032692],[-8.645513,42.032682],[-8.645788,42.032748],[-8.645692,42.032677],[-8.645651,42.032857],[-8.645465,42.032987],[-8.645071,42.033033],[-8.645072,42.033167],[-8.645254,42.033134],[-8.645174,42.033211],[-8.645164,42.033098],[-8.644948,42.033296],[-8.644758,42.033234],[-8.64483,42.033394],[-8.644999,42.033452],[-8.644987,42.033594],[-8.644833,42.033634],[-8.644292,42.034235],[-8.64461,42.034398],[-8.64487,42.034703],[-8.645268,42.034835],[-8.645315,42.035129],[-8.648278,42.037423],[-8.647885,42.038446],[-8.647848,42.039011],[-8.647944,42.039368],[-8.648011,42.040707],[-8.647793,42.04109],[-8.646443,42.04056],[-8.646226,42.040335],[-8.645274,42.040508],[-8.644705,42.040221],[-8.644551,42.040292],[-8.644481,42.040907],[-8.644887,42.041354],[-8.6455,42.04162],[-8.646491,42.04168],[-8.646813,42.042193],[-8.646423,42.042973],[-8.645765,42.043319],[-8.645658,42.043467],[-8.645668,42.043645],[-8.645193,42.043703],[-8.645384,42.043939],[-8.645272,42.044157],[-8.64547,42.044224],[-8.645476,42.044409],[-8.645599,42.044447],[-8.645733,42.044706],[-8.645577,42.045023],[-8.645422,42.045115],[-8.644809,42.044849],[-8.644597,42.044844],[-8.644658,42.045052],[-8.644783,42.045052],[-8.644969,42.045388],[-8.645139,42.0455],[-8.645212,42.045873],[-8.645342,42.046025],[-8.645267,42.046186],[-8.64502,42.046133],[-8.644997,42.046204],[-8.645151,42.046237],[-8.644907,42.046356],[-8.645021,42.046477],[-8.644864,42.046502],[-8.64504,42.046616],[-8.64472,42.046653],[-8.644495,42.046838],[-8.644696,42.046907],[-8.64469,42.047147],[-8.644902,42.047312],[-8.644791,42.047364]]}},{"type":"Feature","properties":{"stage":7,"label":"Tui → O Porriño","date":"08.09.2026","km":"14,4 km","note":"","mode":"walk"},"geometry":{"type":"LineString","coordinates":[[-8.644772,42.047319],[-8.644816,42.047243],[-8.644658,42.047119],[-8.644778,42.046979],[-8.644458,42.046762],[-8.643891,42.046952],[-8.643632,42.047322],[-8.643328,42.047256],[-8.643425,42.047361],[-8.643255,42.047551],[-8.642035,42.047287],[-8.641088,42.048534],[-8.640874,42.048592],[-8.640682,42.048836],[-8.640172,42.050223],[-8.639636,42.051215],[-8.639583,42.051821],[-8.640017,42.052089],[-8.640473,42.052143],[-8.640149,42.053284],[-8.639959,42.053495],[-8.63953,42.053521],[-8.639311,42.053441],[-8.639141,42.053213],[-8.638748,42.053058],[-8.637384,42.053229],[-8.637122,42.053618],[-8.636761,42.053685],[-8.636057,42.054445],[-8.635996,42.054959],[-8.636213,42.055294],[-8.635972,42.055359],[-8.635179,42.055972],[-8.635004,42.056173],[-8.634965,42.056484],[-8.634748,42.056821],[-8.634767,42.057489],[-8.635111,42.058169],[-8.635302,42.058316],[-8.63568,42.058437],[-8.636341,42.058386],[-8.636826,42.059026],[-8.637382,42.059035],[-8.638166,42.05922],[-8.637195,42.061363],[-8.637081,42.061924],[-8.637553,42.062078],[-8.63849,42.062058],[-8.638962,42.062241],[-8.639178,42.062666],[-8.639134,42.062983],[-8.639084,42.062873],[-8.63904,42.063041],[-8.63912,42.063061],[-8.639195,42.063859],[-8.639462,42.063887],[-8.639322,42.063989],[-8.639437,42.064139],[-8.638948,42.064126],[-8.637737,42.064906],[-8.637886,42.065033],[-8.637807,42.065176],[-8.638475,42.066297],[-8.638532,42.066737],[-8.638463,42.067925],[-8.639142,42.069656],[-8.639189,42.069963],[-8.639081,42.070366],[-8.638869,42.070653],[-8.638882,42.070784],[-8.638739,42.070888],[-8.638637,42.071353],[-8.638876,42.0721],[-8.638935,42.072712],[-8.639178,42.073252],[-8.639279,42.074216],[-8.639268,42.074287],[-8.639193,42.074224],[-8.639701,42.075667],[-8.639487,42.076374],[-8.638911,42.076771],[-8.638395,42.077384],[-8.63902,42.07954],[-8.63906,42.079912],[-8.638968,42.08032],[-8.639046,42.080657],[-8.639439,42.081033],[-8.64003,42.081108],[-8.640198,42.081254],[-8.641058,42.082741],[-8.640806,42.082841],[-8.640352,42.082753],[-8.639843,42.082895],[-8.638806,42.083426],[-8.638429,42.083987],[-8.638281,42.08407],[-8.638122,42.084485],[-8.637764,42.085003],[-8.637248,42.085191],[-8.63706,42.085639],[-8.637178,42.08594],[-8.637609,42.086217],[-8.637499,42.086169],[-8.637546,42.086363],[-8.637519,42.086253],[-8.637436,42.086367],[-8.637509,42.086462],[-8.637765,42.086428],[-8.638276,42.086764],[-8.639053,42.087637],[-8.639243,42.08829],[-8.639212,42.088665],[-8.639355,42.088956],[-8.63937,42.089553],[-8.639086,42.089917],[-8.639358,42.090547],[-8.639303,42.092091],[-8.639072,42.092549],[-8.63876,42.094074],[-8.638367,42.094729],[-8.638424,42.095416],[-8.638604,42.095538],[-8.639214,42.095401],[-8.639852,42.095414],[-8.6409,42.095603],[-8.640998,42.095681],[-8.641004,42.095888],[-8.641262,42.096074],[-8.641641,42.096673],[-8.641532,42.096614],[-8.641454,42.096736],[-8.641325,42.097456],[-8.640936,42.097465],[-8.64035,42.097237],[-8.639823,42.097156],[-8.639591,42.097371],[-8.639471,42.097745],[-8.64005,42.098186],[-8.639778,42.098406],[-8.63876,42.098707],[-8.638096,42.099158],[-8.638387,42.099319],[-8.638135,42.099408],[-8.638293,42.099616],[-8.637814,42.099656],[-8.637499,42.100259],[-8.637513,42.100481],[-8.63738,42.100486],[-8.637288,42.100624],[-8.637142,42.101227],[-8.637254,42.101944],[-8.637141,42.102268],[-8.636839,42.102222],[-8.636293,42.10233],[-8.635476,42.102077],[-8.635341,42.101928],[-8.635318,42.101584],[-8.634996,42.101275],[-8.634686,42.101204],[-8.634254,42.101779],[-8.633417,42.102292],[-8.633674,42.102442],[-8.63371,42.102998],[-8.634032,42.103315],[-8.634214,42.103661],[-8.634411,42.103766],[-8.634514,42.103994],[-8.634902,42.104204],[-8.634867,42.104439],[-8.634788,42.104452],[-8.634818,42.104785],[-8.635034,42.104767],[-8.635637,42.105374],[-8.636049,42.105639],[-8.63696,42.105849],[-8.637891,42.105923],[-8.63786,42.106151],[-8.637772,42.106114],[-8.63802,42.106728],[-8.638432,42.106829],[-8.638576,42.107109],[-8.638758,42.107219],[-8.638791,42.107459],[-8.638758,42.107391],[-8.638856,42.107386],[-8.638743,42.107383],[-8.638859,42.107486],[-8.639646,42.107955],[-8.640127,42.108454],[-8.640092,42.108758],[-8.640678,42.109134],[-8.641007,42.109559],[-8.640858,42.109848],[-8.641049,42.110464],[-8.640718,42.111376],[-8.640808,42.112006],[-8.640448,42.11284],[-8.640629,42.113539],[-8.641141,42.1144],[-8.641641,42.114897],[-8.641858,42.115851],[-8.642236,42.116276],[-8.642464,42.116703],[-8.642539,42.117052],[-8.642442,42.116853],[-8.642093,42.116797],[-8.642595,42.11738],[-8.642761,42.117438],[-8.642708,42.117365],[-8.642781,42.117592],[-8.642685,42.117687],[-8.642339,42.118902],[-8.642141,42.11985],[-8.642225,42.120268],[-8.642673,42.121417],[-8.643644,42.122009],[-8.643616,42.122077],[-8.644117,42.122506],[-8.644694,42.123267],[-8.644812,42.123653],[-8.645019,42.123884],[-8.645078,42.124389],[-8.64522,42.124626],[-8.645063,42.124821],[-8.644579,42.125079],[-8.643763,42.125351],[-8.643479,42.125374],[-8.642933,42.125217],[-8.642347,42.125298],[-8.641818,42.125543],[-8.641476,42.125875],[-8.641472,42.126356],[-8.641784,42.12712],[-8.642086,42.127444],[-8.642483,42.128195],[-8.642743,42.129478],[-8.642651,42.129721],[-8.6424,42.129944],[-8.642116,42.131235],[-8.641745,42.131967],[-8.640942,42.132418],[-8.640763,42.13256],[-8.640818,42.132599],[-8.640636,42.132589],[-8.638262,42.133622],[-8.637551,42.133794],[-8.634008,42.135363],[-8.633895,42.135549],[-8.633863,42.136223],[-8.633565,42.137643],[-8.632881,42.139088]]}},{"type":"Feature","properties":{"stage":8,"label":"O Porriño → Redondela","date":"09.09.2026","km":"19,5 km","note":"Plan geändert","mode":"walk"},"geometry":{"type":"LineString","coordinates":[[-8.632881,42.139088],[-8.63267,42.140051],[-8.632425,42.140641],[-8.631497,42.142112],[-8.630815,42.143551],[-8.630488,42.14397],[-8.630417,42.144374],[-8.630209,42.144614],[-8.630089,42.144563],[-8.630019,42.144378],[-8.629763,42.144296],[-8.627335,42.14456],[-8.626147,42.144518],[-8.625753,42.144609],[-8.625717,42.144526],[-8.625259,42.144626],[-8.625526,42.144535],[-8.625106,42.144523],[-8.624683,42.144711],[-8.62483,42.14482],[-8.624856,42.144975],[-8.624455,42.145355],[-8.624354,42.145608],[-8.62425,42.146371],[-8.624334,42.146557],[-8.623765,42.147018],[-8.623796,42.147183],[-8.624034,42.147427],[-8.623776,42.148034],[-8.624169,42.148336],[-8.624232,42.148695],[-8.624098,42.148857],[-8.623596,42.14904],[-8.623467,42.14932],[-8.623501,42.14945],[-8.623897,42.149748],[-8.624027,42.150052],[-8.623858,42.150224],[-8.623124,42.150523],[-8.623216,42.151059],[-8.623172,42.151344],[-8.623545,42.151524],[-8.623575,42.151684],[-8.62377,42.151847],[-8.624063,42.151961],[-8.624132,42.152155],[-8.624042,42.15266],[-8.624135,42.153277],[-8.624053,42.153557],[-8.624296,42.154227],[-8.624256,42.154614],[-8.624418,42.155234],[-8.624356,42.155441],[-8.624491,42.155604],[-8.624411,42.155987],[-8.62465,42.156414],[-8.624307,42.156849],[-8.624787,42.157482],[-8.6246,42.157698],[-8.624546,42.15798],[-8.624746,42.158648],[-8.624715,42.158848],[-8.624935,42.159044],[-8.624809,42.159995],[-8.624917,42.16069],[-8.625077,42.161046],[-8.625019,42.161432],[-8.624579,42.162224],[-8.624672,42.162414],[-8.624017,42.162378],[-8.623814,42.162389],[-8.623862,42.162449],[-8.623626,42.162373],[-8.623367,42.162536],[-8.623149,42.162496],[-8.622724,42.162675],[-8.622269,42.162664],[-8.622166,42.162726],[-8.622185,42.162911],[-8.622206,42.162745],[-8.621716,42.16271],[-8.621593,42.162763],[-8.621589,42.162908],[-8.621271,42.163018],[-8.621279,42.163285],[-8.621115,42.163562],[-8.621156,42.163788],[-8.621069,42.163819],[-8.621163,42.163962],[-8.620934,42.164496],[-8.620955,42.165015],[-8.620818,42.164879],[-8.620856,42.165345],[-8.620745,42.165556],[-8.620006,42.165447],[-8.620183,42.165987],[-8.620457,42.166337],[-8.620486,42.166846],[-8.620178,42.167403],[-8.61993,42.168123],[-8.619866,42.168087],[-8.619679,42.168415],[-8.619401,42.168339],[-8.619277,42.169103],[-8.61935,42.169161],[-8.619559,42.168879],[-8.619639,42.168902],[-8.619612,42.16945],[-8.619524,42.169592],[-8.619179,42.169569],[-8.618783,42.169756],[-8.618837,42.170106],[-8.618457,42.170722],[-8.618142,42.171849],[-8.617412,42.172998],[-8.616771,42.173493],[-8.6167,42.173785],[-8.615918,42.175055],[-8.615802,42.175475],[-8.616595,42.175745],[-8.617,42.175734],[-8.618389,42.176349],[-8.619378,42.176119],[-8.620094,42.176109],[-8.62105,42.176337],[-8.622252,42.176422],[-8.622664,42.176615],[-8.622861,42.176813],[-8.622473,42.177148],[-8.622279,42.177576],[-8.621955,42.177801],[-8.621252,42.178022],[-8.620531,42.178757],[-8.620492,42.178877],[-8.620766,42.179584],[-8.620469,42.179975],[-8.620524,42.180588],[-8.620407,42.181041],[-8.619739,42.181674],[-8.619645,42.182072],[-8.619252,42.182219],[-8.619094,42.182753],[-8.618315,42.183268],[-8.618293,42.183609],[-8.618475,42.183936],[-8.618211,42.184304],[-8.618112,42.184625],[-8.616255,42.185766],[-8.615771,42.186248],[-8.615249,42.186471],[-8.615156,42.186774],[-8.615213,42.187148],[-8.614746,42.187831],[-8.61484,42.18832],[-8.614599,42.188722],[-8.614251,42.189002],[-8.613573,42.189308],[-8.612961,42.189864],[-8.612634,42.190584],[-8.61258,42.191387],[-8.612018,42.192063],[-8.611617,42.192873],[-8.610919,42.193322],[-8.610977,42.193249],[-8.61089,42.193232],[-8.611009,42.193265],[-8.6108,42.193433],[-8.610666,42.193887],[-8.609975,42.195122],[-8.60974,42.196235],[-8.609456,42.197014],[-8.608735,42.197786],[-8.608539,42.19812],[-8.608532,42.198325],[-8.608702,42.198526],[-8.608852,42.199163],[-8.608715,42.199611],[-8.608899,42.199983],[-8.608535,42.200516],[-8.608716,42.200946],[-8.608252,42.20134],[-8.608064,42.20166],[-8.606712,42.202388],[-8.606352,42.202876],[-8.606115,42.202979],[-8.606202,42.203035],[-8.606118,42.203259],[-8.605678,42.20385],[-8.60595,42.204077],[-8.606304,42.204702],[-8.606336,42.206102],[-8.606502,42.206166],[-8.606892,42.206781],[-8.607064,42.206881],[-8.607023,42.206985],[-8.607732,42.207503],[-8.607919,42.207891],[-8.608013,42.207878],[-8.608471,42.208519],[-8.608733,42.208641],[-8.609094,42.209101],[-8.60908,42.210146],[-8.609298,42.211231],[-8.609459,42.211518],[-8.609547,42.212348],[-8.609431,42.213724],[-8.609305,42.214129],[-8.608724,42.214995],[-8.608138,42.215505],[-8.60757,42.217064],[-8.607638,42.217082],[-8.607563,42.217351],[-8.607566,42.21845],[-8.607664,42.21893],[-8.607684,42.220558],[-8.608039,42.221249],[-8.608115,42.22135],[-8.608175,42.221287],[-8.608186,42.221384],[-8.6082,42.221297],[-8.608099,42.221274],[-8.608172,42.221318],[-8.6081,42.221796],[-8.608203,42.22227],[-8.608142,42.222685],[-8.607795,42.223053],[-8.607384,42.223192],[-8.607354,42.223376],[-8.607039,42.223736],[-8.606455,42.22487],[-8.606244,42.225124],[-8.60614,42.22512],[-8.606039,42.225485],[-8.606062,42.225898],[-8.606746,42.226624],[-8.607075,42.227418],[-8.608032,42.227661],[-8.608523,42.227963],[-8.609461,42.228155],[-8.610156,42.228695],[-8.610538,42.228746],[-8.610402,42.228893],[-8.610742,42.229068],[-8.610994,42.229524],[-8.610935,42.229724],[-8.611142,42.230119],[-8.611502,42.230299],[-8.611693,42.230781],[-8.612538,42.231463],[-8.612556,42.23157],[-8.612349,42.231756],[-8.612325,42.231917],[-8.612841,42.233685],[-8.61365,42.235094],[-8.613529,42.235219],[-8.613555,42.235439],[-8.613647,42.235451],[-8.613423,42.23631],[-8.613418,42.236728],[-8.612998,42.238405],[-8.612713,42.239118],[-8.611866,42.240254],[-8.610132,42.241569],[-8.610234,42.24165],[-8.610823,42.241619],[-8.610685,42.24213],[-8.610555,42.243803],[-8.610274,42.244442],[-8.61017,42.245233],[-8.609894,42.245659],[-8.609857,42.245909],[-8.61066,42.247666],[-8.610786,42.248217],[-8.610949,42.24841],[-8.610982,42.248628],[-8.610917,42.248681],[-8.610899,42.248611],[-8.611068,42.248902],[-8.610955,42.249276],[-8.61082,42.249373],[-8.61086,42.24956],[-8.610772,42.249574],[-8.611001,42.249762],[-8.611284,42.250911],[-8.611442,42.25114],[-8.611398,42.251434],[-8.611203,42.251729],[-8.611221,42.251897],[-8.611378,42.251999],[-8.610528,42.252713],[-8.610174,42.252846],[-8.610399,42.253351],[-8.610736,42.253596],[-8.610738,42.253777],[-8.6101,42.253886],[-8.609656,42.254087],[-8.609447,42.254058],[-8.609228,42.254252],[-8.609628,42.254482],[-8.609744,42.254788],[-8.610093,42.255112],[-8.610003,42.255672],[-8.609542,42.256152],[-8.608984,42.256952],[-8.60812,42.259017],[-8.608024,42.259477],[-8.607869,42.259713],[-8.607968,42.26089],[-8.607646,42.261663],[-8.607555,42.262219],[-8.607667,42.262606],[-8.607957,42.263055],[-8.608362,42.26537],[-8.608934,42.266201],[-8.608862,42.26624],[-8.609086,42.266728],[-8.609671,42.26762],[-8.609847,42.268448],[-8.610579,42.269539],[-8.611052,42.27053],[-8.610708,42.271209],[-8.610307,42.27164],[-8.610304,42.272437],[-8.610174,42.27237],[-8.61011,42.272475],[-8.610172,42.273909],[-8.610316,42.274556],[-8.610168,42.275964],[-8.610318,42.276092],[-8.61022,42.276212],[-8.610235,42.277381],[-8.609948,42.278482],[-8.610298,42.279228],[-8.610576,42.279282],[-8.610611,42.279854],[-8.610401,42.280563],[-8.610145,42.280754],[-8.610187,42.280848]]}},{"type":"Feature","properties":{"stage":9,"label":"Redondela → Pontevedra","date":"10.09.2026","km":"22,0 km","note":"Plan geändert","mode":"walk"},"geometry":{"type":"LineString","coordinates":[[-8.610287,42.280761],[-8.610179,42.280831],[-8.609985,42.280747],[-8.61001,42.280946],[-8.609874,42.280977],[-8.610039,42.281127],[-8.609698,42.28084],[-8.610059,42.281088],[-8.609616,42.280884],[-8.609591,42.281009],[-8.608914,42.281651],[-8.608968,42.281723],[-8.608741,42.281832],[-8.608886,42.282044],[-8.608533,42.282315],[-8.608322,42.282623],[-8.608169,42.28297],[-8.608228,42.283198],[-8.607725,42.283817],[-8.607703,42.284031],[-8.60789,42.28439],[-8.607773,42.284587],[-8.607791,42.284842],[-8.607705,42.284842],[-8.607711,42.285205],[-8.607583,42.285265],[-8.607561,42.285944],[-8.607806,42.286457],[-8.608056,42.286559],[-8.608006,42.287081],[-8.608146,42.287156],[-8.608241,42.287491],[-8.608406,42.287627],[-8.608418,42.287921],[-8.608333,42.287987],[-8.608667,42.288323],[-8.608658,42.287958],[-8.608579,42.288317],[-8.608749,42.288344],[-8.608482,42.28954],[-8.608509,42.289825],[-8.60835,42.290057],[-8.608417,42.290363],[-8.608129,42.290779],[-8.607714,42.292738],[-8.607567,42.292955],[-8.607524,42.293369],[-8.60734,42.293643],[-8.607542,42.294026],[-8.608907,42.294734],[-8.609558,42.295498],[-8.610096,42.295873],[-8.610306,42.296237],[-8.610195,42.296457],[-8.61018,42.297072],[-8.609604,42.298429],[-8.609605,42.299276],[-8.609529,42.299485],[-8.608983,42.299747],[-8.608669,42.300191],[-8.607872,42.300595],[-8.607142,42.30157],[-8.606319,42.301935],[-8.605293,42.302246],[-8.605672,42.302771],[-8.605726,42.302987],[-8.605601,42.303252],[-8.605975,42.304082],[-8.60598,42.304607],[-8.605782,42.30601],[-8.605606,42.306037],[-8.605727,42.30609],[-8.605604,42.306041],[-8.605777,42.306037],[-8.605533,42.306363],[-8.605241,42.306468],[-8.604884,42.306782],[-8.605732,42.307205],[-8.605613,42.307268],[-8.604992,42.30719],[-8.604607,42.307624],[-8.603967,42.307914],[-8.603478,42.308267],[-8.603351,42.308383],[-8.603258,42.308698],[-8.60317,42.309476],[-8.603238,42.309525],[-8.603144,42.310158],[-8.603696,42.310325],[-8.603764,42.310587],[-8.604058,42.310879],[-8.604556,42.311086],[-8.604841,42.311719],[-8.605333,42.311973],[-8.605657,42.312474],[-8.605736,42.312475],[-8.60621,42.313485],[-8.606102,42.313856],[-8.606241,42.31429],[-8.606471,42.314591],[-8.606632,42.314652],[-8.606789,42.315071],[-8.607121,42.315183],[-8.607226,42.315433],[-8.607166,42.31549],[-8.607273,42.315542],[-8.607159,42.315572],[-8.607239,42.315641],[-8.607275,42.315537],[-8.607285,42.315729],[-8.607449,42.315777],[-8.607495,42.31666],[-8.606934,42.31765],[-8.60629,42.318102],[-8.606147,42.318084],[-8.605909,42.318409],[-8.605947,42.318633],[-8.606166,42.318921],[-8.606152,42.319412],[-8.606035,42.319471],[-8.606045,42.319707],[-8.606382,42.3202],[-8.606739,42.320508],[-8.606498,42.320823],[-8.606431,42.320804],[-8.606605,42.321163],[-8.606432,42.321483],[-8.606332,42.321491],[-8.606322,42.321784],[-8.605889,42.322183],[-8.605602,42.32223],[-8.605456,42.322152],[-8.605149,42.322276],[-8.604704,42.323242],[-8.604579,42.324065],[-8.604425,42.324369],[-8.603488,42.324971],[-8.603507,42.325185],[-8.602982,42.325201],[-8.602545,42.32542],[-8.602536,42.325744],[-8.60247,42.325746],[-8.602401,42.325603],[-8.602782,42.325642],[-8.602452,42.32562],[-8.602541,42.325706],[-8.602496,42.326026],[-8.602297,42.326361],[-8.602264,42.326624],[-8.602608,42.327444],[-8.603024,42.327728],[-8.603013,42.327875],[-8.603259,42.327795],[-8.603139,42.327696],[-8.6036,42.327809],[-8.603555,42.327855],[-8.603653,42.327911],[-8.603465,42.328101],[-8.603478,42.328213],[-8.603975,42.328622],[-8.604151,42.328645],[-8.604078,42.329129],[-8.604252,42.329362],[-8.604732,42.329529],[-8.604807,42.32943],[-8.605181,42.329362],[-8.606399,42.330215],[-8.606522,42.330748],[-8.606422,42.330992],[-8.606754,42.331424],[-8.606765,42.332052],[-8.606947,42.332092],[-8.606749,42.332041],[-8.606689,42.332618],[-8.606892,42.332854],[-8.606684,42.33289],[-8.606667,42.333004],[-8.606745,42.333013],[-8.606508,42.333204],[-8.606479,42.333432],[-8.606368,42.33353],[-8.606459,42.333527],[-8.606627,42.333272],[-8.606598,42.333656],[-8.606781,42.333835],[-8.606803,42.333319],[-8.60652,42.33324],[-8.606849,42.333319],[-8.606532,42.333301],[-8.606772,42.333271],[-8.607075,42.332887],[-8.607135,42.332949],[-8.607032,42.332987],[-8.607122,42.332905],[-8.607049,42.332976],[-8.60734,42.333074],[-8.607411,42.33326],[-8.607441,42.334872],[-8.607956,42.335454],[-8.60771,42.335911],[-8.60733,42.336136],[-8.607456,42.336385],[-8.607291,42.33642],[-8.60721,42.336337],[-8.606716,42.33648],[-8.606649,42.33658],[-8.606624,42.337483],[-8.606456,42.337885],[-8.606548,42.33853],[-8.606366,42.338897],[-8.606639,42.339457],[-8.606615,42.339779],[-8.606474,42.339805],[-8.606893,42.340112],[-8.606886,42.340315],[-8.60705,42.34045],[-8.607153,42.340853],[-8.608062,42.341011],[-8.608717,42.341468],[-8.608715,42.341937],[-8.608801,42.34215],[-8.608963,42.342168],[-8.609063,42.342522],[-8.608943,42.342666],[-8.60902,42.342866],[-8.608986,42.343174],[-8.608903,42.343213],[-8.608951,42.343383],[-8.608469,42.34368],[-8.608017,42.34421],[-8.607392,42.344437],[-8.607456,42.34486],[-8.607188,42.345247],[-8.606915,42.345293],[-8.606701,42.346687],[-8.607163,42.346974],[-8.607572,42.346927],[-8.607335,42.347103],[-8.607482,42.347153],[-8.607462,42.347398],[-8.607565,42.347285],[-8.607864,42.347429],[-8.60779,42.347663],[-8.607913,42.347797],[-8.607756,42.348001],[-8.607826,42.347965],[-8.607818,42.348276],[-8.607976,42.348275],[-8.608581,42.348586],[-8.608434,42.348899],[-8.608435,42.349349],[-8.608198,42.349791],[-8.608345,42.349856],[-8.608816,42.349805],[-8.609276,42.349434],[-8.609602,42.349612],[-8.609982,42.350075],[-8.611039,42.350222],[-8.611612,42.351285],[-8.611714,42.351395],[-8.611989,42.351364],[-8.612148,42.351472],[-8.612123,42.351751],[-8.611942,42.352114],[-8.611646,42.352355],[-8.611689,42.352312],[-8.611984,42.352727],[-8.612305,42.352859],[-8.612414,42.353054],[-8.612887,42.353051],[-8.614001,42.353951],[-8.614006,42.354105],[-8.614218,42.354388],[-8.614257,42.354704],[-8.614505,42.354944],[-8.614764,42.355031],[-8.614661,42.355136],[-8.614682,42.355286],[-8.614737,42.355192],[-8.614794,42.355377],[-8.615007,42.355337],[-8.614932,42.355386],[-8.615091,42.355473],[-8.615033,42.35555],[-8.615254,42.355798],[-8.616082,42.356336],[-8.616033,42.356437],[-8.615944,42.356419],[-8.616106,42.356449],[-8.615992,42.356572],[-8.616139,42.356596],[-8.616255,42.356762],[-8.616108,42.357039],[-8.616255,42.357468],[-8.616183,42.357672],[-8.616257,42.35772],[-8.616113,42.357758],[-8.616206,42.35781],[-8.615819,42.35816],[-8.615616,42.358185],[-8.61534,42.358922],[-8.615544,42.359096],[-8.615761,42.359532],[-8.615676,42.360254],[-8.616121,42.36054],[-8.616066,42.360612],[-8.616014,42.360524],[-8.616097,42.360567],[-8.616013,42.360537],[-8.61612,42.360495],[-8.61602,42.360524],[-8.616088,42.360607],[-8.616012,42.360539],[-8.616094,42.360552],[-8.616208,42.360823],[-8.61613,42.361299],[-8.616357,42.361916],[-8.616189,42.362607],[-8.61634,42.362765],[-8.616319,42.36294],[-8.616501,42.363132],[-8.616559,42.363404],[-8.616709,42.363508],[-8.616697,42.363748],[-8.616802,42.363841],[-8.616651,42.363939],[-8.616736,42.364135],[-8.616485,42.364239],[-8.616517,42.364481],[-8.616449,42.364529],[-8.616641,42.364891],[-8.616557,42.364969],[-8.616674,42.364996],[-8.616723,42.365181],[-8.616998,42.365363],[-8.617185,42.365069],[-8.617314,42.365147],[-8.61757,42.3651],[-8.617384,42.365131],[-8.617819,42.364779],[-8.617837,42.364498],[-8.617944,42.364421],[-8.617897,42.364169],[-8.618244,42.364532],[-8.618108,42.36481],[-8.61815,42.364969],[-8.618424,42.36522],[-8.618509,42.365425],[-8.61909,42.365858],[-8.619286,42.36622],[-8.61943,42.366242],[-8.619632,42.36678],[-8.620282,42.366608],[-8.62042,42.366652],[-8.620336,42.366931],[-8.620607,42.367159],[-8.620652,42.367327],[-8.620539,42.367494],[-8.620529,42.367641],[-8.620643,42.367671],[-8.620603,42.367839],[-8.620835,42.367874],[-8.620994,42.368056],[-8.621152,42.368004],[-8.621248,42.368098],[-8.621473,42.368072],[-8.621941,42.368266],[-8.623711,42.368625],[-8.623915,42.368873],[-8.624408,42.369024],[-8.625201,42.369496],[-8.625643,42.370073],[-8.625801,42.370494],[-8.626092,42.370782],[-8.625802,42.371613],[-8.624785,42.372682],[-8.624772,42.372901],[-8.625372,42.373782],[-8.625335,42.374288],[-8.625422,42.374523],[-8.625798,42.374908],[-8.625887,42.375217],[-8.62626,42.375495],[-8.627003,42.376419],[-8.626921,42.377292],[-8.627227,42.37749],[-8.627318,42.378761],[-8.628588,42.379339],[-8.628785,42.37928],[-8.629268,42.37984],[-8.629588,42.380782],[-8.629358,42.381446],[-8.629585,42.382074],[-8.62953,42.382267],[-8.629652,42.38249],[-8.629546,42.382644],[-8.629632,42.382991],[-8.630118,42.383624],[-8.629939,42.383867],[-8.629961,42.383988],[-8.63064,42.384685],[-8.63045,42.385209],[-8.63039,42.386407],[-8.629404,42.387939],[-8.629864,42.388862],[-8.630085,42.389853],[-8.629991,42.389891],[-8.62995,42.390298],[-8.629692,42.390785],[-8.629661,42.391505],[-8.629915,42.392021],[-8.629626,42.392901],[-8.629785,42.392973],[-8.629567,42.392794],[-8.629455,42.393677],[-8.62955,42.393934],[-8.629492,42.39421],[-8.629126,42.394864],[-8.629248,42.394839],[-8.629206,42.394771],[-8.628968,42.395137],[-8.62883,42.396012],[-8.629978,42.396921],[-8.630873,42.397097],[-8.631599,42.397373],[-8.631723,42.397599],[-8.632514,42.398092],[-8.633118,42.398035],[-8.633043,42.398319],[-8.633157,42.398786],[-8.633556,42.398821],[-8.633689,42.398968],[-8.633621,42.398995],[-8.633667,42.399346],[-8.634585,42.399769],[-8.63454,42.399938],[-8.634179,42.400065],[-8.634304,42.400369],[-8.634628,42.400479],[-8.634398,42.40092],[-8.634464,42.4011],[-8.63467,42.401252],[-8.634459,42.401455],[-8.634933,42.401769],[-8.635011,42.402065],[-8.635402,42.402219],[-8.635206,42.402506],[-8.63537,42.402966],[-8.635712,42.403019],[-8.635871,42.403159],[-8.635649,42.403658],[-8.635319,42.403869],[-8.635763,42.404017],[-8.635694,42.404369],[-8.635215,42.404603],[-8.635269,42.404668],[-8.635359,42.404567],[-8.635493,42.404582],[-8.636067,42.40511],[-8.636125,42.405072],[-8.636037,42.40489],[-8.636113,42.404809],[-8.636357,42.404846],[-8.636587,42.405007],[-8.636628,42.405172],[-8.636504,42.405378],[-8.636627,42.405538],[-8.636545,42.405748],[-8.636705,42.406127],[-8.636383,42.40631],[-8.636083,42.406309],[-8.636048,42.406455],[-8.636218,42.406619],[-8.636148,42.406663],[-8.636441,42.406754],[-8.636443,42.407017],[-8.636703,42.40708],[-8.636828,42.407405],[-8.63656,42.407469],[-8.636565,42.407779],[-8.636336,42.408093],[-8.636028,42.408046],[-8.63577,42.40781],[-8.635602,42.407889],[-8.635439,42.407708],[-8.635191,42.407841],[-8.635459,42.408022],[-8.635743,42.408052],[-8.636081,42.408369],[-8.635896,42.408643],[-8.635588,42.408686],[-8.635757,42.408839],[-8.635691,42.409496],[-8.635949,42.409977],[-8.636205,42.410091],[-8.636116,42.410329],[-8.636625,42.410546],[-8.636534,42.410752],[-8.63661,42.410779],[-8.636462,42.410954],[-8.636589,42.410965],[-8.636681,42.411128],[-8.636507,42.411231],[-8.636595,42.411257],[-8.636549,42.41136],[-8.636628,42.411433],[-8.63683,42.411445],[-8.636834,42.411596],[-8.636987,42.41172],[-8.636998,42.411602],[-8.636971,42.411713],[-8.636969,42.411624],[-8.636877,42.411646],[-8.636946,42.411715],[-8.636867,42.411886],[-8.636326,42.411989],[-8.636147,42.412167],[-8.636539,42.412318],[-8.636611,42.412515],[-8.636349,42.412713],[-8.636177,42.413005],[-8.635458,42.412951],[-8.63511,42.413163],[-8.635044,42.413779],[-8.634748,42.414011],[-8.634816,42.414272],[-8.635157,42.414385],[-8.634999,42.414507],[-8.635335,42.414682],[-8.635608,42.415312],[-8.635495,42.41553],[-8.635206,42.415647],[-8.635099,42.415872],[-8.635092,42.41578],[-8.635123,42.416052],[-8.635323,42.416273],[-8.635244,42.416386],[-8.634814,42.416521],[-8.634997,42.416987],[-8.63475,42.417065],[-8.634697,42.417188],[-8.634699,42.41735],[-8.634834,42.417476],[-8.635275,42.417694],[-8.635654,42.417667],[-8.635891,42.417884],[-8.636164,42.417824],[-8.636409,42.417986],[-8.636368,42.418458],[-8.636125,42.418809],[-8.63658,42.419796],[-8.636393,42.421224],[-8.636404,42.42135],[-8.636533,42.42136],[-8.636682,42.421538],[-8.636633,42.421613]]}},{"type":"Feature","properties":{"stage":10,"label":"Pontevedra → Armenteira","date":"11.09.2026","km":"20,71 km","note":"Plan geändert","mode":"walk"},"geometry":{"type":"LineString","coordinates":[[-8.636585,42.421664],[-8.636549,42.421646],[-8.636524,42.421626],[-8.636491,42.421613],[-8.636455,42.421608],[-8.636418,42.421611],[-8.636385,42.421623],[-8.636358,42.421643],[-8.636342,42.421663],[-8.636335,42.421686],[-8.636337,42.42171],[-8.636346,42.42173],[-8.636361,42.421748],[-8.636391,42.421767],[-8.636427,42.421778],[-8.636465,42.421779],[-8.636502,42.421771],[-8.636533,42.421755],[-8.636547,42.421744],[-8.636653,42.42174],[-8.636744,42.421733],[-8.636807,42.421725],[-8.636856,42.42173],[-8.637,42.421744],[-8.637069,42.421749],[-8.637187,42.421759],[-8.637443,42.421779],[-8.637499,42.421784],[-8.637549,42.421788],[-8.637864,42.42182],[-8.638004,42.421855],[-8.638063,42.421877],[-8.638108,42.421901],[-8.638196,42.421956],[-8.638222,42.421985],[-8.638259,42.422007],[-8.638302,42.422021],[-8.638359,42.422025],[-8.638414,42.422014],[-8.638461,42.42199],[-8.638494,42.421956],[-8.638509,42.42192],[-8.638508,42.421883],[-8.638496,42.421749],[-8.638518,42.42163],[-8.638512,42.421578],[-8.638476,42.421531],[-8.638432,42.421208],[-8.638399,42.420973],[-8.638382,42.42084],[-8.638272,42.420081],[-8.638242,42.419873],[-8.638211,42.419623],[-8.638,42.418152],[-8.637997,42.418112],[-8.638003,42.418064],[-8.63801,42.418034],[-8.638022,42.418008],[-8.638055,42.417966],[-8.638108,42.417919],[-8.638161,42.417882],[-8.638229,42.417843],[-8.638307,42.417841],[-8.63838,42.417823],[-8.638444,42.417791],[-8.638494,42.417747],[-8.638529,42.417686],[-8.638536,42.417627],[-8.638521,42.417569],[-8.638489,42.417522],[-8.638478,42.417483],[-8.638474,42.41743],[-8.638488,42.417351],[-8.638529,42.417208],[-8.638568,42.417126],[-8.638602,42.417068],[-8.638637,42.417017],[-8.638678,42.416964],[-8.638727,42.416914],[-8.638767,42.41688],[-8.638828,42.416845],[-8.638915,42.416811],[-8.639033,42.416769],[-8.639221,42.416733],[-8.639467,42.416727],[-8.640764,42.416606],[-8.642399,42.416467],[-8.642755,42.416442],[-8.64308,42.416451],[-8.643368,42.416472],[-8.644055,42.416567],[-8.644263,42.416576],[-8.644564,42.416569],[-8.644774,42.416565],[-8.645016,42.416548],[-8.645313,42.41651],[-8.645733,42.416424],[-8.645955,42.416358],[-8.646171,42.416264],[-8.646589,42.416059],[-8.647201,42.415742],[-8.647729,42.415514],[-8.64812,42.415371],[-8.648651,42.415239],[-8.649806,42.415091],[-8.650227,42.415034],[-8.650485,42.41502],[-8.650749,42.415046],[-8.650868,42.415074],[-8.651087,42.41515],[-8.651247,42.41522],[-8.651403,42.415326],[-8.651509,42.41542],[-8.651593,42.415527],[-8.651669,42.415637],[-8.651725,42.415753],[-8.651778,42.41591],[-8.651808,42.416077],[-8.651824,42.41622],[-8.651822,42.416381],[-8.651811,42.416518],[-8.651787,42.416658],[-8.651752,42.4168],[-8.651702,42.416937],[-8.651639,42.41711],[-8.65156,42.417294],[-8.651431,42.417578],[-8.651192,42.418061],[-8.651179,42.418142],[-8.651159,42.418272],[-8.651023,42.4186],[-8.650896,42.4189],[-8.65057,42.420046],[-8.650504,42.420451],[-8.650479,42.420706],[-8.650461,42.421106],[-8.65049,42.421674],[-8.650562,42.422136],[-8.650639,42.422451],[-8.650712,42.422685],[-8.650939,42.423137],[-8.651076,42.423357],[-8.651349,42.423738],[-8.651642,42.424063],[-8.651954,42.42435],[-8.653043,42.425243],[-8.653854,42.42591],[-8.654666,42.426567],[-8.655148,42.426989],[-8.655509,42.427393],[-8.655836,42.427913],[-8.655976,42.428173],[-8.656102,42.428541],[-8.656142,42.428673],[-8.65622,42.429013],[-8.656258,42.429524],[-8.656246,42.429803],[-8.656197,42.430159],[-8.656099,42.430543],[-8.655949,42.430926],[-8.655816,42.431184],[-8.655664,42.431434],[-8.655401,42.431775],[-8.655171,42.432033],[-8.654924,42.432269],[-8.654684,42.432466],[-8.65425,42.432779],[-8.653636,42.433194],[-8.653154,42.433538],[-8.652827,42.433817],[-8.652455,42.434203],[-8.652246,42.434458],[-8.651929,42.434916],[-8.651272,42.435973],[-8.650908,42.436569],[-8.650069,42.437928],[-8.649152,42.439412],[-8.648868,42.439957],[-8.648626,42.440519],[-8.64847,42.440908],[-8.648149,42.441963],[-8.648093,42.442263],[-8.64805,42.442571],[-8.648008,42.443177],[-8.648036,42.443791],[-8.648086,42.444235],[-8.648181,42.444708],[-8.64834,42.445303],[-8.648592,42.445904],[-8.64915,42.44699],[-8.649263,42.447228],[-8.649386,42.447546],[-8.649457,42.447823],[-8.649517,42.448108],[-8.649541,42.448391],[-8.649547,42.44868],[-8.649517,42.448957],[-8.649456,42.449228],[-8.649386,42.449478],[-8.64922,42.44988],[-8.648984,42.450295],[-8.648328,42.451297],[-8.648039,42.451829],[-8.647795,42.452373],[-8.647597,42.452935],[-8.64746,42.453525],[-8.647414,42.453808],[-8.647353,42.454402],[-8.647355,42.454708],[-8.64739,42.45531],[-8.647503,42.456222],[-8.64754,42.456831],[-8.647522,42.457231],[-8.647448,42.457727],[-8.647257,42.45832],[-8.646833,42.459453],[-8.646647,42.460032],[-8.646545,42.460618],[-8.646537,42.460913],[-8.646555,42.461212],[-8.646653,42.461808],[-8.646822,42.462393],[-8.646942,42.462677],[-8.647227,42.463223],[-8.64757,42.463748],[-8.64799,42.464238],[-8.64848,42.464687],[-8.649012,42.465112],[-8.649478,42.465425],[-8.650364,42.465967],[-8.651075,42.466361],[-8.651753,42.466686],[-8.653797,42.467693],[-8.654775,42.468203],[-8.655388,42.468568],[-8.656565,42.469338],[-8.656843,42.469543],[-8.657363,42.46997],[-8.657837,42.470418],[-8.658252,42.470888],[-8.658637,42.471372],[-8.658987,42.471868],[-8.659285,42.472382],[-8.65953,42.472903],[-8.659732,42.473442],[-8.659867,42.474112],[-8.659928,42.474721],[-8.659942,42.4754],[-8.65991,42.476003],[-8.659799,42.476617],[-8.659631,42.477231],[-8.659373,42.477851],[-8.658967,42.478583],[-8.658415,42.479394],[-8.657793,42.480116],[-8.657274,42.480655],[-8.656536,42.481316],[-8.655491,42.482193],[-8.654974,42.482675],[-8.65458,42.483067],[-8.654148,42.48361],[-8.65376,42.484192],[-8.653585,42.484493],[-8.653312,42.485122],[-8.653151,42.485745],[-8.653048,42.486489],[-8.652822,42.487727],[-8.652753,42.488043],[-8.652657,42.488357],[-8.652528,42.488663],[-8.651543,42.49074],[-8.6513,42.491348],[-8.651103,42.491982],[-8.650948,42.492627],[-8.65076,42.493607],[-8.650707,42.494265],[-8.650713,42.495257],[-8.650808,42.496227],[-8.65092,42.496863],[-8.651057,42.497492],[-8.651237,42.498118],[-8.651473,42.498735],[-8.651758,42.499342],[-8.652082,42.499932],[-8.652453,42.500493],[-8.652672,42.500763],[-8.653147,42.501275],[-8.653402,42.501517],[-8.653697,42.501738],[-8.654632,42.502367],[-8.655213,42.502802],[-8.655735,42.50328],[-8.656192,42.503807],[-8.656593,42.504377],[-8.656723,42.50468],[-8.656969,42.505312],[-8.657063,42.505635],[-8.657208,42.506311],[-8.657386,42.506982],[-8.65766,42.50764],[-8.65783,42.507963],[-8.657963,42.508277],[-8.658165,42.508572],[-8.659188,42.509658],[-8.659752,42.510152],[-8.660363,42.510608],[-8.661658,42.51144],[-8.66226,42.511872],[-8.662788,42.512345],[-8.663305,42.512955],[-8.663463,42.513196],[-8.663788,42.51366],[-8.664063,42.514225],[-8.66416,42.514513],[-8.66425,42.514915],[-8.664251,42.515557],[-8.664184,42.515877],[-8.663974,42.516252],[-8.663621,42.516586],[-8.663272,42.516771],[-8.662988,42.517033],[-8.66282,42.517292],[-8.662802,42.517569],[-8.662901,42.517808],[-8.663104,42.51801],[-8.663324,42.518129],[-8.663636,42.518211],[-8.664048,42.518289],[-8.664594,42.518347],[-8.665581,42.518477],[-8.666142,42.51855],[-8.666406,42.518593],[-8.666623,42.518634],[-8.666812,42.518668],[-8.667025,42.518738],[-8.667177,42.518792],[-8.667304,42.518823],[-8.66747,42.518843],[-8.667631,42.518863],[-8.66782,42.518878],[-8.668025,42.518885],[-8.668242,42.5189],[-8.668527,42.518924],[-8.669143,42.519005],[-8.671158,42.519243],[-8.671918,42.519335],[-8.672727,42.51941],[-8.673425,42.519456],[-8.674,42.519493],[-8.67468,42.519521],[-8.675969,42.519469],[-8.676726,42.519386],[-8.677894,42.519126],[-8.679215,42.518715],[-8.68002,42.518345],[-8.682138,42.517102],[-8.684325,42.515846],[-8.684957,42.51551],[-8.68564,42.515203],[-8.6871,42.514647],[-8.687983,42.51442],[-8.689062,42.514139],[-8.689404,42.514087],[-8.689768,42.514026],[-8.690333,42.513952],[-8.690907,42.513879],[-8.691678,42.513807],[-8.692385,42.513764],[-8.693139,42.513743],[-8.693514,42.51373],[-8.694107,42.513749],[-8.694723,42.513793],[-8.695443,42.513847],[-8.695702,42.513871],[-8.695943,42.513891],[-8.696765,42.513958],[-8.699139,42.514168],[-8.699725,42.514205],[-8.70003,42.514219],[-8.700259,42.51422],[-8.700447,42.514265],[-8.700827,42.514266],[-8.701061,42.51426],[-8.70144,42.514261],[-8.701665,42.514262],[-8.702261,42.514299],[-8.702495,42.514324],[-8.702686,42.514343],[-8.703264,42.514437],[-8.703352,42.514475],[-8.703242,42.514586],[-8.703307,42.51465],[-8.703319,42.514842],[-8.703325,42.515004],[-8.703336,42.515225],[-8.703359,42.515345],[-8.703379,42.515411],[-8.703419,42.515481],[-8.70345,42.515527],[-8.703462,42.515544],[-8.703555,42.515652],[-8.703595,42.515694],[-8.703764,42.51587],[-8.703981,42.516078],[-8.704105,42.516204],[-8.704481,42.516461],[-8.704683,42.516553],[-8.704713,42.516596],[-8.704743,42.516638],[-8.704889,42.516926],[-8.704902,42.516951],[-8.704902,42.517077],[-8.704901,42.517151],[-8.704912,42.517468],[-8.704923,42.517662],[-8.704966,42.51808],[-8.704998,42.518378],[-8.704992,42.518441],[-8.704936,42.518979],[-8.704928,42.519054],[-8.70505,42.519105],[-8.70513,42.519139],[-8.705274,42.51921],[-8.70539,42.519279],[-8.7055,42.51936],[-8.705708,42.519525],[-8.706423,42.520107],[-8.706447,42.520127],[-8.706623,42.520269],[-8.707115,42.520667],[-8.707598,42.521058],[-8.707943,42.521338],[-8.70824,42.52158],[-8.7083,42.521629],[-8.708592,42.521867],[-8.708647,42.521913],[-8.709069,42.522248],[-8.709389,42.5225],[-8.709586,42.522658],[-8.709914,42.522922],[-8.710283,42.523237],[-8.711472,42.524183],[-8.712527,42.525023],[-8.712559,42.525049],[-8.712616,42.525091],[-8.712693,42.525139],[-8.712772,42.525178],[-8.712866,42.525212],[-8.712969,42.525234],[-8.713078,42.525247],[-8.713219,42.525255],[-8.713635,42.525263],[-8.714038,42.525269],[-8.714435,42.525278],[-8.716343,42.5253],[-8.716494,42.525301],[-8.718583,42.525321],[-8.718685,42.525322],[-8.719017,42.525329],[-8.719218,42.525325],[-8.719412,42.525311],[-8.719611,42.525281],[-8.719799,42.525234],[-8.71993,42.525195],[-8.72012,42.525132],[-8.720276,42.525075],[-8.720466,42.524979],[-8.720678,42.524843],[-8.721014,42.524586],[-8.721211,42.524425],[-8.721408,42.524255],[-8.721703,42.524008],[-8.721919,42.523838],[-8.722015,42.523769],[-8.722112,42.523707],[-8.722238,42.523635],[-8.722365,42.523573],[-8.722501,42.523519],[-8.722649,42.523475],[-8.722803,42.523435],[-8.722939,42.523403],[-8.723277,42.523341],[-8.723802,42.523248],[-8.724066,42.523209],[-8.724299,42.5232],[-8.724382,42.523198],[-8.724495,42.523204],[-8.724639,42.52322],[-8.724721,42.523232],[-8.724816,42.523252],[-8.724963,42.523296],[-8.725101,42.523347],[-8.725245,42.523416],[-8.725347,42.523475],[-8.725634,42.52366],[-8.725802,42.523776],[-8.725968,42.52388],[-8.726099,42.523952],[-8.726226,42.524012],[-8.726527,42.524125],[-8.727186,42.524301],[-8.727688,42.524547],[-8.728209,42.524869],[-8.728873,42.525268],[-8.728957,42.525311],[-8.729173,42.52542],[-8.729423,42.525526],[-8.72985,42.525676],[-8.730131,42.525776],[-8.730327,42.525857],[-8.730527,42.525964],[-8.730555,42.525982],[-8.73087,42.526187],[-8.731964,42.526937],[-8.732603,42.527373],[-8.732809,42.527545],[-8.732832,42.527613],[-8.732841,42.527658],[-8.73282,42.527676],[-8.732804,42.527698],[-8.732796,42.52772],[-8.732793,42.527743],[-8.732797,42.527766],[-8.732808,42.527788],[-8.732824,42.527807],[-8.732845,42.527824],[-8.732869,42.527837],[-8.732896,42.527846],[-8.732924,42.527851],[-8.732953,42.527853],[-8.732983,42.52785],[-8.73301,42.527842],[-8.733091,42.527843],[-8.73321,42.527867],[-8.733221,42.52787],[-8.733389,42.527924],[-8.733443,42.527952],[-8.733511,42.527987],[-8.733594,42.52803],[-8.733758,42.528101],[-8.733901,42.528144],[-8.734016,42.528168],[-8.734589,42.528248],[-8.73581,42.52841],[-8.736055,42.52843],[-8.736214,42.52842],[-8.736369,42.528394],[-8.736513,42.528349],[-8.736645,42.528292],[-8.736863,42.528165],[-8.737077,42.528028],[-8.737206,42.527931],[-8.737291,42.527858],[-8.737442,42.527698],[-8.737983,42.527018],[-8.738172,42.526915],[-8.738228,42.526898],[-8.738305,42.526883],[-8.738398,42.52689],[-8.738605,42.526954],[-8.738631,42.526981],[-8.738664,42.527003],[-8.738704,42.527019],[-8.738907,42.527206],[-8.739011,42.527312],[-8.739308,42.527895],[-8.739645,42.528552],[-8.73976,42.528776],[-8.739988,42.529208],[-8.740068,42.529328],[-8.740143,42.529422],[-8.740218,42.529497],[-8.740334,42.52958],[-8.74046,42.529646],[-8.740613,42.529704],[-8.741193,42.529863],[-8.741424,42.529923],[-8.74147,42.529936],[-8.741629,42.529979],[-8.742743,42.530278],[-8.742816,42.530297],[-8.745834,42.531106],[-8.747567,42.531577],[-8.747632,42.531595],[-8.748428,42.531811],[-8.748855,42.531928],[-8.749378,42.53207],[-8.750821,42.532467],[-8.751005,42.532524],[-8.751265,42.532623],[-8.751473,42.532736],[-8.751711,42.532883],[-8.752124,42.533153],[-8.752292,42.533271],[-8.752439,42.533379],[-8.752562,42.533507],[-8.752632,42.533622],[-8.752691,42.53381],[-8.752761,42.534052],[-8.752724,42.534071],[-8.752697,42.534097],[-8.752684,42.534129],[-8.752686,42.534161],[-8.752703,42.534192],[-8.752733,42.534217],[-8.752772,42.534233],[-8.752817,42.534238],[-8.752862,42.534232],[-8.752901,42.534215],[-8.752931,42.534189],[-8.752946,42.534157],[-8.753101,42.534188],[-8.753205,42.534209],[-8.75374,42.534259],[-8.753988,42.534279],[-8.754218,42.534304],[-8.754506,42.534357],[-8.754716,42.534411],[-8.754938,42.534485],[-8.756475,42.535083],[-8.75817,42.53575],[-8.758971,42.536081],[-8.759104,42.536159],[-8.759078,42.536205],[-8.759071,42.536254],[-8.759084,42.536303],[-8.759116,42.536346],[-8.759166,42.536382],[-8.759228,42.536404],[-8.759297,42.536412],[-8.759365,42.536404],[-8.759427,42.536381],[-8.759476,42.536345],[-8.759561,42.53639],[-8.759689,42.536431],[-8.759891,42.536435],[-8.760052,42.536408],[-8.760285,42.536354],[-8.760679,42.536273],[-8.761501,42.536181],[-8.761744,42.536163],[-8.761983,42.536159],[-8.762223,42.536181],[-8.762412,42.536213],[-8.762657,42.53628],[-8.762919,42.536376],[-8.763991,42.536914],[-8.764087,42.536986],[-8.76416,42.53704],[-8.764312,42.537154],[-8.764434,42.537391],[-8.764486,42.537794]]}},{"type":"Feature","properties":{"stage":11,"label":"Armenteira → Vilanova de Arousa","date":"12.09.2026","km":"23,69 km","note":"Plan geändert","mode":"walk"},"geometry":{"type":"LineString","coordinates":[[-8.764486,42.537794],[-8.764434,42.537391],[-8.764312,42.537154],[-8.76416,42.53704],[-8.764087,42.536986],[-8.763991,42.536914],[-8.762919,42.536376],[-8.762657,42.53628],[-8.762412,42.536213],[-8.762223,42.536181],[-8.761983,42.536159],[-8.761744,42.536163],[-8.761501,42.536181],[-8.760679,42.536273],[-8.760285,42.536354],[-8.760052,42.536408],[-8.759891,42.536435],[-8.759689,42.536431],[-8.759561,42.53639],[-8.759476,42.536345],[-8.759509,42.536299],[-8.759521,42.536248],[-8.759511,42.536197],[-8.75948,42.536151],[-8.759565,42.536126],[-8.759629,42.536096],[-8.759686,42.536069],[-8.759818,42.535996],[-8.759954,42.535897],[-8.760061,42.535781],[-8.760154,42.535653],[-8.760225,42.535496],[-8.760248,42.535397],[-8.760272,42.535244],[-8.760305,42.535042],[-8.760353,42.534852],[-8.760457,42.534592],[-8.760541,42.534383],[-8.760692,42.534005],[-8.760865,42.533748],[-8.760988,42.533565],[-8.76105,42.533369],[-8.761118,42.533153],[-8.761333,42.532469],[-8.761436,42.532312],[-8.761478,42.532251],[-8.761939,42.531592],[-8.762171,42.531259],[-8.762572,42.530655],[-8.762705,42.53039],[-8.762903,42.52978],[-8.763005,42.529594],[-8.763224,42.529273],[-8.763318,42.529129],[-8.763774,42.528478],[-8.764292,42.527725],[-8.764596,42.527283],[-8.764761,42.527044],[-8.764934,42.526792],[-8.765246,42.526338],[-8.763482,42.525834],[-8.761558,42.525295],[-8.762242,42.524038],[-8.763141,42.522379],[-8.763228,42.52224],[-8.763324,42.52211],[-8.763472,42.521923],[-8.763924,42.521422],[-8.764749,42.520531],[-8.765144,42.51981],[-8.765967,42.518184],[-8.766176,42.517766],[-8.766539,42.517012],[-8.766632,42.516801],[-8.766744,42.516615],[-8.767033,42.516186],[-8.7672,42.51598],[-8.767236,42.515994],[-8.767277,42.515999],[-8.767317,42.515994],[-8.767353,42.51598],[-8.767381,42.515957],[-8.767397,42.51593],[-8.7674,42.515898],[-8.767389,42.515868],[-8.767365,42.515842],[-8.76733,42.515824],[-8.767289,42.515816],[-8.767247,42.515818],[-8.767208,42.51583],[-8.767176,42.515852],[-8.767157,42.51588],[-8.767151,42.515911],[-8.766664,42.515796],[-8.766571,42.515762],[-8.766278,42.515615],[-8.766002,42.515482],[-8.765882,42.51542],[-8.765743,42.515348],[-8.765614,42.515281],[-8.765471,42.515208],[-8.765374,42.515159],[-8.764638,42.514786],[-8.76449,42.514716],[-8.764384,42.51466],[-8.76292,42.513921],[-8.762683,42.51382],[-8.762539,42.51377],[-8.762371,42.513729],[-8.762212,42.513712],[-8.762061,42.513712],[-8.761764,42.513735],[-8.761545,42.513752],[-8.761375,42.513759],[-8.761259,42.513754],[-8.761137,42.513724],[-8.760999,42.513656],[-8.760546,42.513382],[-8.760487,42.513346],[-8.760343,42.513255],[-8.75992,42.512988],[-8.759592,42.51283],[-8.759169,42.512635],[-8.758969,42.51258],[-8.758784,42.512557],[-8.758573,42.512588],[-8.758403,42.512593],[-8.758228,42.512566],[-8.758002,42.512488],[-8.757638,42.512314],[-8.757588,42.51229],[-8.757309,42.512165],[-8.757188,42.512087],[-8.757101,42.512017],[-8.757015,42.511914],[-8.756949,42.511756],[-8.756923,42.511675],[-8.756898,42.511584],[-8.756809,42.511744],[-8.756767,42.511975],[-8.756737,42.512093],[-8.7567,42.512187],[-8.756586,42.512401],[-8.756406,42.512687],[-8.756244,42.512966],[-8.756123,42.513126],[-8.756037,42.51324],[-8.755978,42.513306],[-8.755862,42.513419],[-8.755457,42.513762],[-8.755244,42.513932],[-8.755136,42.513996],[-8.755038,42.514033],[-8.754967,42.514046],[-8.754896,42.514042],[-8.754833,42.514022],[-8.754744,42.513977],[-8.754658,42.513908],[-8.754579,42.513813],[-8.754286,42.513285],[-8.754224,42.513181],[-8.754097,42.512967],[-8.75403,42.512829],[-8.753848,42.512346],[-8.753711,42.511897],[-8.753629,42.511645],[-8.753555,42.511519],[-8.753587,42.511493],[-8.753606,42.511454],[-8.753627,42.511368],[-8.753652,42.510973],[-8.753961,42.510964],[-8.754184,42.510971],[-8.754457,42.511003],[-8.754571,42.510998],[-8.754727,42.510965],[-8.755137,42.510829],[-8.755299,42.510752],[-8.755481,42.510694],[-8.755532,42.510648],[-8.755546,42.510606],[-8.755545,42.510455],[-8.755589,42.510263],[-8.755669,42.510077],[-8.755841,42.510297],[-8.755972,42.510475],[-8.756102,42.510627],[-8.756192,42.510687],[-8.756491,42.510871],[-8.756629,42.51097],[-8.756742,42.511074],[-8.756799,42.511152],[-8.756847,42.511244],[-8.756898,42.511584],[-8.756923,42.511675],[-8.756949,42.511756],[-8.757015,42.511914],[-8.757101,42.512017],[-8.757188,42.512087],[-8.757309,42.512165],[-8.757588,42.51229],[-8.757638,42.512314],[-8.758002,42.512488],[-8.758228,42.512566],[-8.758403,42.512593],[-8.758573,42.512588],[-8.758784,42.512557],[-8.758969,42.51258],[-8.759169,42.512635],[-8.759592,42.51283],[-8.75992,42.512988],[-8.760343,42.513255],[-8.760487,42.513346],[-8.760546,42.513382],[-8.760999,42.513656],[-8.761137,42.513724],[-8.761259,42.513754],[-8.761375,42.513759],[-8.761545,42.513752],[-8.761764,42.513735],[-8.762061,42.513712],[-8.762212,42.513712],[-8.762371,42.513729],[-8.762539,42.51377],[-8.762683,42.51382],[-8.76292,42.513921],[-8.764384,42.51466],[-8.76449,42.514716],[-8.764638,42.514786],[-8.765374,42.515159],[-8.765471,42.515208],[-8.765614,42.515281],[-8.765743,42.515348],[-8.765882,42.51542],[-8.766002,42.515482],[-8.766278,42.515615],[-8.766571,42.515762],[-8.766664,42.515796],[-8.767151,42.515911],[-8.767158,42.515937],[-8.767175,42.515961],[-8.7672,42.51598],[-8.767236,42.515994],[-8.767277,42.515999],[-8.767317,42.515994],[-8.767353,42.51598],[-8.767381,42.515957],[-8.767397,42.51593],[-8.767586,42.51593],[-8.767781,42.51596],[-8.768065,42.516062],[-8.768527,42.516273],[-8.768664,42.516361],[-8.768778,42.516449],[-8.769032,42.516745],[-8.769197,42.516893],[-8.769358,42.51699],[-8.769587,42.517115],[-8.770189,42.517462],[-8.770876,42.51789],[-8.771095,42.518024],[-8.77138,42.518194],[-8.771687,42.518365],[-8.771981,42.518524],[-8.772307,42.518696],[-8.772398,42.518731],[-8.772428,42.518743],[-8.772536,42.518769],[-8.772616,42.518767],[-8.772696,42.51875],[-8.772756,42.518726],[-8.772812,42.51869],[-8.772936,42.518563],[-8.773398,42.518082],[-8.773528,42.517975],[-8.773664,42.517878],[-8.773814,42.517785],[-8.774062,42.517658],[-8.774599,42.517386],[-8.774778,42.517302],[-8.77491,42.517251],[-8.775042,42.517213],[-8.775161,42.517193],[-8.775299,42.517185],[-8.775416,42.517187],[-8.775522,42.517196],[-8.775656,42.517218],[-8.775787,42.517249],[-8.775903,42.517289],[-8.775999,42.517334],[-8.776157,42.51743],[-8.776454,42.517683],[-8.776825,42.518024],[-8.777038,42.518209],[-8.777174,42.518307],[-8.777345,42.51841],[-8.777449,42.51846],[-8.777555,42.518511],[-8.777768,42.518591],[-8.777942,42.51863],[-8.778228,42.518679],[-8.778613,42.51872],[-8.778838,42.518785],[-8.77895,42.518835],[-8.779057,42.518922],[-8.779058,42.518941],[-8.779061,42.51896],[-8.779089,42.519015],[-8.779139,42.519061],[-8.779207,42.519091],[-8.779285,42.519105],[-8.779351,42.519101],[-8.779414,42.519084],[-8.779468,42.519056],[-8.779487,42.51904],[-8.779503,42.519024],[-8.779635,42.518969],[-8.780367,42.518757],[-8.780535,42.518699],[-8.780642,42.518662],[-8.7808,42.51858],[-8.780857,42.518562],[-8.782002,42.518122],[-8.78288,42.517778],[-8.783012,42.517727],[-8.784279,42.517236],[-8.786024,42.516727],[-8.789631,42.515702],[-8.789852,42.51566],[-8.789958,42.515639],[-8.790266,42.515599],[-8.791133,42.515488],[-8.792268,42.515344],[-8.792398,42.515326],[-8.792665,42.51529],[-8.792875,42.515261],[-8.792994,42.515251],[-8.793143,42.515244],[-8.793299,42.515257],[-8.79344,42.515279],[-8.793649,42.515332],[-8.793877,42.515399],[-8.794592,42.515618],[-8.794875,42.515683],[-8.795195,42.51573],[-8.795622,42.515776],[-8.795874,42.515798],[-8.798002,42.515968],[-8.798245,42.515987],[-8.79842,42.516012],[-8.798572,42.516045],[-8.798706,42.516097],[-8.798774,42.516133],[-8.798835,42.516167],[-8.798863,42.516214],[-8.798902,42.516256],[-8.798951,42.516292],[-8.799008,42.516321],[-8.799071,42.516343],[-8.799138,42.516355],[-8.79933,42.516508],[-8.799501,42.516712],[-8.799661,42.516911],[-8.799933,42.517153],[-8.800234,42.517376],[-8.800645,42.517603],[-8.801081,42.517817],[-8.80206,42.518216],[-8.802946,42.518601],[-8.803862,42.519092],[-8.804376,42.51944],[-8.804846,42.519807],[-8.805228,42.520143],[-8.805569,42.520506],[-8.805977,42.520968],[-8.806331,42.521481],[-8.806468,42.521742],[-8.806669,42.522138],[-8.806829,42.52254],[-8.806967,42.522972],[-8.807065,42.523429],[-8.807118,42.52383],[-8.807136,42.524304],[-8.807124,42.524569],[-8.807106,42.524829],[-8.80708,42.525037],[-8.807056,42.525178],[-8.807011,42.525394],[-8.806893,42.525832],[-8.806776,42.526152],[-8.806652,42.526448],[-8.806524,42.526717],[-8.806385,42.526955],[-8.806134,42.527362],[-8.805787,42.527813],[-8.805546,42.528084],[-8.805234,42.528422],[-8.804684,42.528934],[-8.804028,42.529491],[-8.803005,42.53034],[-8.802063,42.53117],[-8.801665,42.531587],[-8.801305,42.531996],[-8.800971,42.532456],[-8.800711,42.532897],[-8.800396,42.533637],[-8.800169,42.534458],[-8.800096,42.535183],[-8.800117,42.536129],[-8.800257,42.537147],[-8.800257,42.538261],[-8.800183,42.538935],[-8.800008,42.539712],[-8.799627,42.540723],[-8.79915,42.541566],[-8.798884,42.54198],[-8.798538,42.542432],[-8.797818,42.543351],[-8.797459,42.543803],[-8.797179,42.544255],[-8.796919,42.544793],[-8.796717,42.545318],[-8.796588,42.545741],[-8.796531,42.54606],[-8.79646,42.546378],[-8.796354,42.547456],[-8.796274,42.548409],[-8.796202,42.549176],[-8.796177,42.549522],[-8.796176,42.549711],[-8.796193,42.549784],[-8.796165,42.549808],[-8.796138,42.549837],[-8.796119,42.549865],[-8.796107,42.549892],[-8.796098,42.54992],[-8.796095,42.54994],[-8.796095,42.549976],[-8.796102,42.550013],[-8.796117,42.55005],[-8.796139,42.550084],[-8.796162,42.550109],[-8.796192,42.550133],[-8.796226,42.550156],[-8.796261,42.550173],[-8.796299,42.550187],[-8.796356,42.5502],[-8.796393,42.550204],[-8.796431,42.550206],[-8.796464,42.550204],[-8.796498,42.5502],[-8.796536,42.550192],[-8.796573,42.550181],[-8.796616,42.550163],[-8.796657,42.550137],[-8.796689,42.550113],[-8.79674,42.550113],[-8.796819,42.550116],[-8.79692,42.550119],[-8.797118,42.550163],[-8.797466,42.550244],[-8.797916,42.550381],[-8.798091,42.550434],[-8.798493,42.550557],[-8.799381,42.550787],[-8.800512,42.551099],[-8.802563,42.551666],[-8.804242,42.552131],[-8.805558,42.552498],[-8.805867,42.552591],[-8.806156,42.55266],[-8.80675,42.552823],[-8.807298,42.552964],[-8.807661,42.553038],[-8.807911,42.553077],[-8.808184,42.553109],[-8.808476,42.553132],[-8.80862,42.553136],[-8.808764,42.553141],[-8.80911,42.553138],[-8.809355,42.553125],[-8.809656,42.553096],[-8.809879,42.553066],[-8.810158,42.553012],[-8.810413,42.552948],[-8.810635,42.552883],[-8.810776,42.552831],[-8.811175,42.552637],[-8.811373,42.552523],[-8.811629,42.552362],[-8.811941,42.552188],[-8.81204,42.552145],[-8.812091,42.552123],[-8.812213,42.552071],[-8.812286,42.552046],[-8.812462,42.552027],[-8.812558,42.552017],[-8.81265,42.552016],[-8.812697,42.552025],[-8.812755,42.552043],[-8.812777,42.552059],[-8.812802,42.552072],[-8.812818,42.552106],[-8.812828,42.552139],[-8.812835,42.552241],[-8.812836,42.552257],[-8.812844,42.552357],[-8.812797,42.552676],[-8.812745,42.552947],[-8.812636,42.55343],[-8.812565,42.553716],[-8.812483,42.554049],[-8.812463,42.55413],[-8.812108,42.555567],[-8.811972,42.556116],[-8.811956,42.556182],[-8.811828,42.556712],[-8.811808,42.556797],[-8.811685,42.557263],[-8.81163,42.557469],[-8.811616,42.557522],[-8.811544,42.557795],[-8.811519,42.5579],[-8.811489,42.558026],[-8.81147,42.558105],[-8.811465,42.558125],[-8.811441,42.558226],[-8.81142,42.558315],[-8.811291,42.558857],[-8.811271,42.558941],[-8.811234,42.559098],[-8.811221,42.559155],[-8.811171,42.559375],[-8.811126,42.559645],[-8.811101,42.559736],[-8.811042,42.559952],[-8.81098,42.56017],[-8.81096,42.560242],[-8.810894,42.560485],[-8.810847,42.560659],[-8.810804,42.560832],[-8.810775,42.56095],[-8.810404,42.562451],[-8.810258,42.563042],[-8.809995,42.564107],[-8.809957,42.564264],[-8.809933,42.564363],[-8.80987,42.564622],[-8.809797,42.564919],[-8.809761,42.565068],[-8.80975,42.565112],[-8.809364,42.566665],[-8.809331,42.566799],[-8.80925,42.567155],[-8.809219,42.567296],[-8.808918,42.568501],[-8.809484,42.56854],[-8.809577,42.568524],[-8.810032,42.56839],[-8.810209,42.568302],[-8.810461,42.568133],[-8.810568,42.568062],[-8.810734,42.568006],[-8.811078,42.567997],[-8.811264,42.568022],[-8.811501,42.568052],[-8.811851,42.5681],[-8.812213,42.568149],[-8.812395,42.568173],[-8.812516,42.567761],[-8.812533,42.567681]]}},{"type":"Feature","properties":{"stage":12,"label":"Padrón → O Milladoiro","date":"13.09.2026","km":"18,1 km","note":"Plan geändert","mode":"walk"},"geometry":{"type":"LineString","coordinates":[[-8.66134,42.739224],[-8.661389,42.739616],[-8.661239,42.739774],[-8.660899,42.73977],[-8.660585,42.740014],[-8.660243,42.739977],[-8.660007,42.740518],[-8.65953,42.741077],[-8.659242,42.741821],[-8.658722,42.742274],[-8.658378,42.742785],[-8.657529,42.743529],[-8.657183,42.744304],[-8.656486,42.744613],[-8.656356,42.744773],[-8.656169,42.744755],[-8.654975,42.745518],[-8.654654,42.745625],[-8.653888,42.745637],[-8.653552,42.745865],[-8.652812,42.746821],[-8.652833,42.747439],[-8.652273,42.748356],[-8.65231,42.748927],[-8.654572,42.748925],[-8.654299,42.749553],[-8.654279,42.749835],[-8.653987,42.750327],[-8.65387,42.750875],[-8.653631,42.751155],[-8.653446,42.751638],[-8.653447,42.751749],[-8.65361,42.751859],[-8.652786,42.753799],[-8.652882,42.754091],[-8.652539,42.754471],[-8.652156,42.755271],[-8.652064,42.755823],[-8.652294,42.756013],[-8.6525,42.756034],[-8.652485,42.75615],[-8.65212,42.756304],[-8.651611,42.756946],[-8.65136,42.757726],[-8.651501,42.757871],[-8.651237,42.758834],[-8.651307,42.758942],[-8.651217,42.759182],[-8.651301,42.759286],[-8.651293,42.759957],[-8.65346,42.76013],[-8.653829,42.762093],[-8.653669,42.762925],[-8.65438,42.763418],[-8.654655,42.764177],[-8.654852,42.764186],[-8.654982,42.764564],[-8.65527,42.764708],[-8.655449,42.764981],[-8.655333,42.765321],[-8.655075,42.765414],[-8.655049,42.765631],[-8.654633,42.765685],[-8.654163,42.765883],[-8.654061,42.766151],[-8.654089,42.766428],[-8.654228,42.766567],[-8.654455,42.766517],[-8.654887,42.766615],[-8.655438,42.767046],[-8.653671,42.769399],[-8.65309,42.769893],[-8.653827,42.77046],[-8.654104,42.770366],[-8.65428,42.770428],[-8.654506,42.770847],[-8.654558,42.771151],[-8.654526,42.771287],[-8.654288,42.771218],[-8.654114,42.771306],[-8.6536,42.773738],[-8.653639,42.773905],[-8.654098,42.774038],[-8.653764,42.776033],[-8.653806,42.776439],[-8.653613,42.776792],[-8.653726,42.777194],[-8.654013,42.777428],[-8.653442,42.778014],[-8.653599,42.77843],[-8.653576,42.778713],[-8.652957,42.779103],[-8.651891,42.780002],[-8.65141,42.780065],[-8.651111,42.780225],[-8.65097,42.780661],[-8.650805,42.780693],[-8.650846,42.780918],[-8.650066,42.784082],[-8.649964,42.784057],[-8.650028,42.784101],[-8.649489,42.784453],[-8.649521,42.784645],[-8.648922,42.784874],[-8.648834,42.785011],[-8.648937,42.785134],[-8.648736,42.785343],[-8.648471,42.785606],[-8.647851,42.785967],[-8.64783,42.786301],[-8.648147,42.786937],[-8.647794,42.787468],[-8.647758,42.788089],[-8.64721,42.788103],[-8.646661,42.789891],[-8.646503,42.789969],[-8.645968,42.789868],[-8.645332,42.790058],[-8.644876,42.790074],[-8.645017,42.790351],[-8.644819,42.790669],[-8.64484,42.790946],[-8.644945,42.791069],[-8.644884,42.791475],[-8.644676,42.79194],[-8.64375,42.792549],[-8.642874,42.793304],[-8.642568,42.79373],[-8.641735,42.794419],[-8.641769,42.794848],[-8.642011,42.794965],[-8.641921,42.795032],[-8.642217,42.795225],[-8.642365,42.795483],[-8.642298,42.795613],[-8.641403,42.796158],[-8.640681,42.796229],[-8.640109,42.796475],[-8.639625,42.796363],[-8.639144,42.796462],[-8.638995,42.796611],[-8.639053,42.796874],[-8.638846,42.796966],[-8.638788,42.79729],[-8.638028,42.797799],[-8.638048,42.797965],[-8.63791,42.798085],[-8.637186,42.798209],[-8.637031,42.798311],[-8.636984,42.798668],[-8.636434,42.799178],[-8.636069,42.799092],[-8.635839,42.798899],[-8.635797,42.799045],[-8.635783,42.798957],[-8.635537,42.798896],[-8.63508,42.799152],[-8.634976,42.799351],[-8.634538,42.799485],[-8.634539,42.799635],[-8.634814,42.799707],[-8.634667,42.799764],[-8.634832,42.799698],[-8.635027,42.799808],[-8.63494,42.799834],[-8.635973,42.800237],[-8.636328,42.800572],[-8.636551,42.800941],[-8.637235,42.80117],[-8.637715,42.801763],[-8.638001,42.801958],[-8.637599,42.802451],[-8.637798,42.802572],[-8.637798,42.802699],[-8.636689,42.803699],[-8.636741,42.803849],[-8.637453,42.804055],[-8.638098,42.804481],[-8.637794,42.804882],[-8.63779,42.805071],[-8.63752,42.805406],[-8.637288,42.805919],[-8.637431,42.806179],[-8.637307,42.806433],[-8.637349,42.806703],[-8.636339,42.806865],[-8.636365,42.80717],[-8.63614,42.807436],[-8.6357,42.807321],[-8.635313,42.807414],[-8.634433,42.80794],[-8.634391,42.808085],[-8.634195,42.808054],[-8.633752,42.808273],[-8.633563,42.808253],[-8.633462,42.808376],[-8.633038,42.808477],[-8.632267,42.808875],[-8.631921,42.809265],[-8.631293,42.809255],[-8.630658,42.809515],[-8.631038,42.809347],[-8.631075,42.809249],[-8.63093,42.809225],[-8.630643,42.809439],[-8.63043,42.809399],[-8.629339,42.809631],[-8.629157,42.809747],[-8.628507,42.809806],[-8.627859,42.809723],[-8.626848,42.809372],[-8.626127,42.809335],[-8.62544,42.809527],[-8.624982,42.809748],[-8.624987,42.809852],[-8.62455,42.810007],[-8.624324,42.810179],[-8.624419,42.81022],[-8.624356,42.81026],[-8.624482,42.810252],[-8.624392,42.810211],[-8.623675,42.81136],[-8.623439,42.81155],[-8.622847,42.811694],[-8.622669,42.811861],[-8.622527,42.812364],[-8.621977,42.813147],[-8.621615,42.813441],[-8.620264,42.814001],[-8.620376,42.814165],[-8.620209,42.814421],[-8.620245,42.814664],[-8.620254,42.814559],[-8.62057,42.814693],[-8.621331,42.814744],[-8.62173,42.815049],[-8.622234,42.815713],[-8.622146,42.816072],[-8.621717,42.81622],[-8.621418,42.816487],[-8.621233,42.816826],[-8.621264,42.817174],[-8.620974,42.817985],[-8.620525,42.818355],[-8.62014,42.818875],[-8.619384,42.819322],[-8.619024,42.819432],[-8.618495,42.819931],[-8.617996,42.820613],[-8.617688,42.820745],[-8.616962,42.820798],[-8.61694,42.821333],[-8.615835,42.821245],[-8.615652,42.82115],[-8.614495,42.821557],[-8.613953,42.821465],[-8.613631,42.821511],[-8.613189,42.821771],[-8.612577,42.822453],[-8.611789,42.823042],[-8.610963,42.824352],[-8.610818,42.824888],[-8.610923,42.825411],[-8.611181,42.826007],[-8.610834,42.826409],[-8.610929,42.826774],[-8.610744,42.826928],[-8.61078,42.827152],[-8.610724,42.827079],[-8.610379,42.827379],[-8.610304,42.827902],[-8.610195,42.828028],[-8.609708,42.828241],[-8.609188,42.828278],[-8.608642,42.82819],[-8.60814,42.828742],[-8.607916,42.828841],[-8.607336,42.828811],[-8.606132,42.829034],[-8.605744,42.829501],[-8.605416,42.830771],[-8.604905,42.831491],[-8.604385,42.831698],[-8.603381,42.832383],[-8.602855,42.832579],[-8.602587,42.83281],[-8.60272,42.832905],[-8.601547,42.833144],[-8.601336,42.833268],[-8.600994,42.833533],[-8.600708,42.834098],[-8.60011,42.834533],[-8.59944,42.835287],[-8.599521,42.835351],[-8.59911,42.83558],[-8.598471,42.835745],[-8.597561,42.836271],[-8.596935,42.836383],[-8.595487,42.836541],[-8.594519,42.836318],[-8.593903,42.836493],[-8.59333,42.836413],[-8.593383,42.836487],[-8.593409,42.836424],[-8.593319,42.836564],[-8.593173,42.83765],[-8.593178,42.838347],[-8.593525,42.838424],[-8.594402,42.838185],[-8.594318,42.838294],[-8.593427,42.838709],[-8.592408,42.838602],[-8.592466,42.838726],[-8.592475,42.838666],[-8.592254,42.838707],[-8.591209,42.839014],[-8.590326,42.838864],[-8.587594,42.840112],[-8.584042,42.841418],[-8.583186,42.841867],[-8.582421,42.842816],[-8.581468,42.843441],[-8.58153,42.84346],[-8.581485,42.843643],[-8.580884,42.844421],[-8.580901,42.844676],[-8.580572,42.845715]]}},{"type":"Feature","properties":{"stage":13,"label":"O Milladoiro → Santiago de Compostela","date":"14.09.2026","km":"7,6 km","note":"Plan geändert","mode":"walk"},"geometry":{"type":"LineString","coordinates":[[-8.580572,42.845715],[-8.580409,42.847364],[-8.580289,42.847651],[-8.580098,42.847675],[-8.580229,42.847887],[-8.580066,42.848461],[-8.580227,42.848643],[-8.579969,42.848637],[-8.57948,42.848993],[-8.578851,42.849049],[-8.578304,42.849339],[-8.577774,42.849019],[-8.577338,42.848954],[-8.577144,42.849041],[-8.576905,42.849587],[-8.57705,42.850488],[-8.577247,42.850903],[-8.577172,42.851174],[-8.576368,42.851708],[-8.576177,42.851933],[-8.57591,42.851997],[-8.575622,42.852335],[-8.575329,42.852427],[-8.574956,42.852751],[-8.574152,42.852957],[-8.574088,42.853064],[-8.574151,42.854008],[-8.573973,42.854245],[-8.573771,42.854155],[-8.573202,42.853235],[-8.572878,42.853386],[-8.572748,42.853602],[-8.573032,42.854232],[-8.572812,42.855142],[-8.572689,42.85533],[-8.572754,42.85594],[-8.573566,42.856472],[-8.574548,42.856465],[-8.575242,42.856663],[-8.575557,42.85736],[-8.576827,42.858689],[-8.577119,42.858877],[-8.577003,42.859306],[-8.576671,42.859676],[-8.576646,42.85987],[-8.577042,42.860429],[-8.577001,42.860609],[-8.577144,42.860993],[-8.577063,42.861097],[-8.577073,42.861369],[-8.57601,42.862214],[-8.575816,42.862586],[-8.57579,42.862952],[-8.575092,42.863071],[-8.574054,42.863451],[-8.574289,42.863813],[-8.576065,42.865015],[-8.57545,42.865417],[-8.575,42.865973],[-8.574659,42.866089],[-8.573787,42.866097],[-8.57243,42.86565],[-8.571881,42.865859],[-8.571144,42.865807],[-8.570665,42.865222],[-8.570222,42.864943],[-8.569847,42.864406],[-8.569886,42.864185],[-8.570133,42.863845],[-8.570062,42.863445],[-8.570139,42.863056],[-8.569784,42.862258],[-8.569818,42.861814],[-8.569705,42.861677],[-8.56959,42.861654],[-8.568215,42.862421],[-8.566983,42.862471],[-8.567047,42.862394],[-8.56646,42.863083],[-8.565598,42.863358],[-8.565081,42.864046],[-8.564702,42.864283],[-8.5644,42.864661],[-8.563716,42.865123],[-8.563576,42.865416],[-8.563302,42.865464],[-8.562975,42.865694],[-8.562957,42.865839],[-8.56322,42.866045],[-8.562813,42.86627],[-8.562936,42.866415],[-8.562786,42.866722],[-8.562074,42.867578],[-8.56227,42.867574],[-8.562309,42.867682],[-8.561786,42.867938],[-8.561665,42.868155],[-8.560336,42.868892],[-8.55988,42.869203],[-8.559815,42.869354],[-8.558957,42.869835],[-8.558586,42.870232],[-8.558101,42.870382],[-8.557862,42.870718],[-8.556534,42.871412],[-8.556225,42.871746],[-8.555408,42.871998],[-8.55552,42.872112],[-8.555402,42.872239],[-8.554821,42.872255],[-8.553806,42.872763],[-8.553384,42.873065],[-8.553779,42.873108],[-8.553789,42.873303],[-8.553475,42.873328],[-8.553303,42.873231],[-8.55278,42.873421],[-8.552502,42.873662],[-8.552448,42.873879],[-8.551975,42.874097],[-8.551965,42.874191],[-8.551086,42.874888],[-8.551088,42.875006],[-8.5506,42.875238],[-8.550234,42.87557],[-8.549611,42.875661],[-8.548907,42.87615],[-8.547238,42.876641],[-8.546603,42.876943],[-8.546259,42.877269],[-8.545736,42.877362],[-8.545597,42.877771],[-8.545339,42.878077],[-8.545356,42.878297],[-8.545301,42.878261],[-8.545078,42.878542],[-8.545127,42.878921],[-8.545022,42.879227],[-8.545097,42.879271],[-8.544992,42.879465],[-8.545197,42.879809],[-8.545127,42.880104],[-8.545327,42.880169],[-8.545655,42.880502]]}},{"type":"Feature","properties":{"name":"Porto","stage":0,"type":"town"},"geometry":{"type":"Point","coordinates":[-8.611813,41.142905]}},{"type":"Feature","properties":{"name":"Padrão Moreira","stage":1,"type":"transit"},"geometry":{"type":"Point","coordinates":[-8.648923,41.246973]}},{"type":"Feature","properties":{"name":"Vilarinho","stage":2,"type":"town"},"geometry":{"type":"Point","coordinates":[-8.680828,41.340303]}},{"type":"Feature","properties":{"name":"Pedra Furada","stage":3,"type":"town"},"geometry":{"type":"Point","coordinates":[-8.636515,41.467898]}},{"type":"Feature","properties":{"name":"Ponte de Lima","stage":5,"type":"town"},"geometry":{"type":"Point","coordinates":[-8.585171,41.767361]}},{"type":"Feature","properties":{"name":"Rubiães","stage":6,"type":"town"},"geometry":{"type":"Point","coordinates":[-8.622822,41.901336]}},{"type":"Feature","properties":{"name":"Tui","stage":7,"type":"town"},"geometry":{"type":"Point","coordinates":[-8.644791,42.047364]}},{"type":"Feature","properties":{"name":"O Porriño","stage":8,"type":"town"},"geometry":{"type":"Point","coordinates":[-8.632881,42.139088]}},{"type":"Feature","properties":{"name":"Redondela","stage":9,"type":"town"},"geometry":{"type":"Point","coordinates":[-8.610187,42.280848]}},{"type":"Feature","properties":{"name":"Pontevedra","stage":10,"type":"town"},"geometry":{"type":"Point","coordinates":[-8.636633,42.421613]}},{"type":"Feature","properties":{"name":"Caldas de Reis","stage":11,"type":"town"},"geometry":{"type":"Point","coordinates":[-8.642951,42.603669]}},{"type":"Feature","properties":{"name":"Padrón","stage":12,"type":"town"},"geometry":{"type":"Point","coordinates":[-8.661293,42.739236]}},{"type":"Feature","properties":{"name":"O Milladoiro","stage":13,"type":"town"},"geometry":{"type":"Point","coordinates":[-8.580572,42.845715]}},{"type":"Feature","properties":{"name":"Santiago de Compostela","stage":14,"type":"town"},"geometry":{"type":"Point","coordinates":[-8.545655,42.880502]}},{"type":"Feature","properties":{"stage":3,"label":"Pedra Furada → Aborim","date":"04.09.2026","km":"22,1 km","note":"","mode":"walk"},"geometry":{"type":"LineString","coordinates":[[-8.636515,41.467898],[-8.636349,41.468258],[-8.634103,41.471189],[-8.6341,41.471461],[-8.633994,41.471645],[-8.634314,41.471728],[-8.634226,41.471807],[-8.634336,41.47178],[-8.634684,41.472006],[-8.633927,41.472333],[-8.633403,41.472845],[-8.633312,41.473498],[-8.632994,41.474096],[-8.632714,41.474412],[-8.632585,41.47512],[-8.632357,41.475597],[-8.632193,41.475621],[-8.632411,41.475699],[-8.632241,41.475658],[-8.632353,41.475802],[-8.63226,41.475698],[-8.632041,41.475728],[-8.632038,41.475839],[-8.63222,41.475921],[-8.63214,41.475937],[-8.632128,41.476173],[-8.632003,41.476316],[-8.631871,41.476273],[-8.631758,41.476388],[-8.631706,41.476625],[-8.631434,41.47695],[-8.631051,41.477716],[-8.631198,41.479081],[-8.631408,41.479501],[-8.631605,41.480648],[-8.631777,41.481102],[-8.632362,41.48176],[-8.632159,41.482003],[-8.631551,41.483403],[-8.632338,41.48359],[-8.632545,41.484022],[-8.633022,41.484435],[-8.633372,41.485024],[-8.633868,41.485159],[-8.633863,41.48529],[-8.63398,41.485382],[-8.633506,41.486038],[-8.633584,41.486642],[-8.633388,41.486899],[-8.632923,41.487235],[-8.631069,41.487672],[-8.629863,41.487656],[-8.629727,41.487732],[-8.629664,41.488],[-8.62977,41.488228],[-8.630277,41.488684],[-8.630269,41.489202],[-8.631394,41.490951],[-8.632194,41.491587],[-8.632363,41.491845],[-8.632396,41.492008],[-8.632286,41.492292],[-8.632423,41.492599],[-8.632356,41.493234],[-8.632571,41.493788],[-8.63254,41.493911],[-8.633158,41.49431],[-8.633189,41.494238],[-8.633153,41.494365],[-8.633092,41.49432],[-8.633272,41.494325],[-8.633414,41.494554],[-8.63361,41.495351],[-8.633563,41.495677],[-8.633033,41.496191],[-8.632741,41.496885],[-8.632812,41.497058],[-8.633767,41.497916],[-8.633862,41.498986],[-8.634514,41.499449],[-8.635996,41.49961],[-8.63633,41.499831],[-8.636437,41.500055],[-8.637208,41.500437],[-8.63821,41.501746],[-8.638662,41.50266],[-8.639048,41.502947],[-8.638964,41.503108],[-8.639037,41.503356],[-8.639685,41.503891],[-8.639294,41.504845],[-8.638415,41.505725],[-8.638235,41.506275],[-8.638245,41.506572],[-8.636934,41.506859],[-8.636606,41.507022],[-8.636643,41.507388],[-8.636287,41.508174],[-8.636135,41.508883],[-8.635176,41.510415],[-8.635375,41.510469],[-8.635235,41.510484],[-8.635296,41.510618],[-8.635839,41.510803],[-8.635755,41.510903],[-8.636077,41.511528],[-8.635965,41.511781],[-8.636079,41.511919],[-8.638367,41.512812],[-8.6388,41.512672],[-8.639282,41.512311],[-8.639916,41.51217],[-8.640126,41.512209],[-8.640599,41.512801],[-8.640567,41.513813],[-8.640096,41.514611],[-8.638198,41.515454],[-8.637975,41.515691],[-8.637439,41.515879],[-8.636444,41.516443],[-8.636045,41.51651],[-8.635484,41.517435],[-8.63514,41.517807],[-8.634235,41.518242],[-8.632309,41.519473],[-8.631797,41.520026],[-8.631449,41.520086],[-8.631316,41.520214],[-8.630199,41.520627],[-8.629223,41.519813],[-8.629014,41.519839],[-8.628823,41.520044],[-8.62916,41.520452],[-8.629227,41.520759],[-8.628844,41.521198],[-8.628821,41.521658],[-8.628472,41.522036],[-8.628,41.522202],[-8.627745,41.522189],[-8.627568,41.5223],[-8.627668,41.522447],[-8.627031,41.522991],[-8.626382,41.523222],[-8.62466,41.524388],[-8.623249,41.524972],[-8.623089,41.525274],[-8.622533,41.525442],[-8.622001,41.525742],[-8.622211,41.526401],[-8.622398,41.526481],[-8.622351,41.526562],[-8.622499,41.526774],[-8.622382,41.526992],[-8.622283,41.527889],[-8.622989,41.528243],[-8.622901,41.528307],[-8.622936,41.528413],[-8.622435,41.528451],[-8.622385,41.528645],[-8.622224,41.528733],[-8.62273,41.529282],[-8.622711,41.529376],[-8.622352,41.529539],[-8.622153,41.52951],[-8.621924,41.529814],[-8.62147,41.529933],[-8.620297,41.530757],[-8.61985,41.530449],[-8.620023,41.530333],[-8.619874,41.530937],[-8.619674,41.531054],[-8.619402,41.531497],[-8.619517,41.531993],[-8.619415,41.532576],[-8.619493,41.532763],[-8.619389,41.532965],[-8.619683,41.533571],[-8.619303,41.533684],[-8.619432,41.533949],[-8.619318,41.534154],[-8.61955,41.534368],[-8.61941,41.534623],[-8.61944,41.534814],[-8.619631,41.534746],[-8.619614,41.534928],[-8.61982,41.535463],[-8.620054,41.535614],[-8.620066,41.536008],[-8.619996,41.536026],[-8.62008,41.536825],[-8.620194,41.536928],[-8.620128,41.537082],[-8.620243,41.537162],[-8.620312,41.537669],[-8.61972,41.538563],[-8.619897,41.538687],[-8.619437,41.538595],[-8.619284,41.538908],[-8.619522,41.539692],[-8.619494,41.540066],[-8.619605,41.540315],[-8.619488,41.540512],[-8.619591,41.540606],[-8.619705,41.54112],[-8.620033,41.543808],[-8.619778,41.543776],[-8.619848,41.543791],[-8.619793,41.543867],[-8.619601,41.543892],[-8.619506,41.544132],[-8.619862,41.544351],[-8.618948,41.545002],[-8.618974,41.54517],[-8.618818,41.54558],[-8.618964,41.545809],[-8.61887,41.546287],[-8.618989,41.546329],[-8.618974,41.546611],[-8.61764,41.548394],[-8.617527,41.548802],[-8.617674,41.54926],[-8.617618,41.549892],[-8.617834,41.550376],[-8.618284,41.550828],[-8.618794,41.551034],[-8.619101,41.551476],[-8.619023,41.551759],[-8.618738,41.551983],[-8.618612,41.552282],[-8.618606,41.552574],[-8.618499,41.552639],[-8.61856,41.553052],[-8.619835,41.554167],[-8.620337,41.55515],[-8.620318,41.55532],[-8.620962,41.555433],[-8.621054,41.555202],[-8.621318,41.555081],[-8.622843,41.555138],[-8.623753,41.555066],[-8.624047,41.555214],[-8.623374,41.556157],[-8.623094,41.556851],[-8.62293,41.557093],[-8.622867,41.557062],[-8.623308,41.558328],[-8.623214,41.558615],[-8.623465,41.558861],[-8.622928,41.55917],[-8.622493,41.55956],[-8.622648,41.55978],[-8.623436,41.560098],[-8.624017,41.560117],[-8.624091,41.560324],[-8.623939,41.56051],[-8.623798,41.560528],[-8.622879,41.560157],[-8.622482,41.559866],[-8.621259,41.559378],[-8.620966,41.559332],[-8.620599,41.559416],[-8.619884,41.56006],[-8.619065,41.560368],[-8.618538,41.561287],[-8.6181,41.561769],[-8.61797,41.562133],[-8.61722,41.562783],[-8.61725,41.563028],[-8.617028,41.563612],[-8.617602,41.564993],[-8.617805,41.565264],[-8.617867,41.566077],[-8.61878,41.567119],[-8.618715,41.568021],[-8.618811,41.5686],[-8.618537,41.569534],[-8.618091,41.570156],[-8.617963,41.571435],[-8.617976,41.572324],[-8.618371,41.573859],[-8.618401,41.574604],[-8.618339,41.57458],[-8.618415,41.574591],[-8.618322,41.574608],[-8.618479,41.574579],[-8.618427,41.574762],[-8.618631,41.575083],[-8.619157,41.577126],[-8.618685,41.578234],[-8.618311,41.579688],[-8.618372,41.579704],[-8.618176,41.580084],[-8.618185,41.580253],[-8.618387,41.580456],[-8.618545,41.580854],[-8.618663,41.582483],[-8.618544,41.582929],[-8.618696,41.583243],[-8.618708,41.583989],[-8.618418,41.584712],[-8.618573,41.585225],[-8.619569,41.586869],[-8.619674,41.587214],[-8.620139,41.587626],[-8.620253,41.588679],[-8.621456,41.590029],[-8.623327,41.589834],[-8.623314,41.589933],[-8.623359,41.58984],[-8.623736,41.589852],[-8.623866,41.589999],[-8.624246,41.59181],[-8.624152,41.591823],[-8.624096,41.592224],[-8.623741,41.593107],[-8.623792,41.593658],[-8.624055,41.594082],[-8.624814,41.594577],[-8.625248,41.595031],[-8.625438,41.596376],[-8.625182,41.597119],[-8.625287,41.597733],[-8.625142,41.597879],[-8.625131,41.598214],[-8.624966,41.598341],[-8.624778,41.599092],[-8.624216,41.599446],[-8.623916,41.599468],[-8.623774,41.599661],[-8.624001,41.59968],[-8.623902,41.599662],[-8.624689,41.600444],[-8.625049,41.600712],[-8.625354,41.600757],[-8.625959,41.601112],[-8.626744,41.601287],[-8.626708,41.601386],[-8.627105,41.601473],[-8.627873,41.601862],[-8.628529,41.601867],[-8.628527,41.601937],[-8.628794,41.602006],[-8.629079,41.601865],[-8.629232,41.601855],[-8.6292,41.601937],[-8.629657,41.601771],[-8.630091,41.601744],[-8.630155,41.602059],[-8.630895,41.603646],[-8.63103,41.603683],[-8.631128,41.6039],[-8.631002,41.604328],[-8.630577,41.60462],[-8.630599,41.604803],[-8.63137,41.605357],[-8.631709,41.605232],[-8.631835,41.605275],[-8.632584,41.604872],[-8.632903,41.604891],[-8.633496,41.605128],[-8.633381,41.605499],[-8.633829,41.606021],[-8.634069,41.60656],[-8.634455,41.606839],[-8.634998,41.606903],[-8.635838,41.60905],[-8.636632,41.609869],[-8.636927,41.609969],[-8.637395,41.6105],[-8.637394,41.610684],[-8.636926,41.611014],[-8.636275,41.610732],[-8.636073,41.610811],[-8.636087,41.611723]]}},{"type":"Feature","properties":{"stage":4,"label":"Aborim → Ponte de Lima","date":"05.09.2026","km":"22,1 km","note":"","mode":"walk"},"geometry":{"type":"LineString","coordinates":[[-8.636087,41.611723],[-8.6367,41.612127],[-8.636684,41.612542],[-8.636906,41.61285],[-8.636793,41.613068],[-8.636744,41.613702],[-8.636922,41.614405],[-8.63787,41.615266],[-8.63859,41.616186],[-8.639024,41.617066],[-8.639428,41.617477],[-8.639681,41.618057],[-8.639592,41.619762],[-8.639077,41.620647],[-8.639057,41.621052],[-8.638853,41.621252],[-8.638847,41.621386],[-8.639849,41.622061],[-8.641199,41.622525],[-8.641886,41.622848],[-8.642566,41.623316],[-8.643227,41.623548],[-8.64352,41.62399],[-8.644004,41.623723],[-8.644121,41.623773],[-8.643627,41.624463],[-8.642409,41.625334],[-8.642311,41.625981],[-8.642357,41.626453],[-8.64218,41.627144],[-8.642274,41.629136],[-8.641948,41.630056],[-8.641648,41.630516],[-8.641903,41.631101],[-8.641828,41.631887],[-8.642138,41.632159],[-8.642399,41.632249],[-8.642377,41.63237],[-8.641978,41.632883],[-8.641544,41.633057],[-8.640543,41.633695],[-8.639862,41.633976],[-8.639619,41.634273],[-8.638601,41.634981],[-8.638421,41.63523],[-8.638435,41.636406],[-8.638165,41.637822],[-8.638188,41.638745],[-8.638634,41.639545],[-8.639196,41.639653],[-8.639518,41.639964],[-8.639145,41.640873],[-8.638648,41.641192],[-8.638485,41.641512],[-8.638761,41.641592],[-8.638976,41.64182],[-8.638992,41.641954],[-8.638807,41.642247],[-8.639193,41.642317],[-8.639238,41.642426],[-8.639092,41.642794],[-8.639311,41.643126],[-8.638973,41.643537],[-8.63911,41.644005],[-8.638761,41.644862],[-8.638847,41.645059],[-8.638785,41.645348],[-8.638942,41.645686],[-8.638643,41.646287],[-8.638808,41.646858],[-8.638691,41.647253],[-8.638808,41.647235],[-8.637463,41.647264],[-8.637504,41.647342],[-8.637177,41.647351],[-8.636928,41.647478],[-8.636303,41.647976],[-8.636062,41.648889],[-8.634503,41.650531],[-8.634485,41.651146],[-8.634099,41.651576],[-8.633924,41.652092],[-8.633585,41.65245],[-8.633596,41.653438],[-8.633717,41.653557],[-8.633797,41.654154],[-8.633567,41.65448],[-8.633274,41.654644],[-8.632457,41.654413],[-8.632325,41.654464],[-8.63196,41.654242],[-8.631108,41.653991],[-8.631147,41.653879],[-8.630575,41.65387],[-8.630208,41.654056],[-8.629739,41.654593],[-8.629288,41.654804],[-8.628671,41.655349],[-8.628543,41.656123],[-8.628868,41.656828],[-8.62871,41.657258],[-8.628459,41.657597],[-8.627244,41.658414],[-8.626971,41.658873],[-8.626809,41.659447],[-8.626908,41.660122],[-8.626733,41.660502],[-8.62676,41.660738],[-8.627199,41.661212],[-8.627703,41.661531],[-8.627655,41.662029],[-8.626808,41.661989],[-8.626244,41.662193],[-8.625972,41.66242],[-8.625241,41.662471],[-8.624625,41.66435],[-8.624095,41.664797],[-8.624113,41.665535],[-8.624772,41.666906],[-8.624845,41.667233],[-8.624609,41.667932],[-8.624297,41.668499],[-8.624286,41.668859],[-8.623765,41.669189],[-8.623797,41.669362],[-8.624034,41.669595],[-8.623861,41.670118],[-8.623141,41.670772],[-8.622411,41.670719],[-8.621827,41.671132],[-8.621221,41.671137],[-8.620859,41.671234],[-8.620519,41.671454],[-8.61996,41.671243],[-8.619746,41.671306],[-8.61923,41.671993],[-8.619198,41.672346],[-8.618631,41.672756],[-8.618592,41.673171],[-8.617998,41.673508],[-8.618045,41.673878],[-8.617777,41.674258],[-8.617684,41.674816],[-8.617299,41.675358],[-8.617404,41.675969],[-8.617986,41.676841],[-8.619364,41.677434],[-8.619018,41.677572],[-8.618781,41.677885],[-8.619393,41.678539],[-8.619663,41.679239],[-8.61972,41.680129],[-8.620116,41.680684],[-8.619995,41.681071],[-8.619827,41.681276],[-8.618978,41.681696],[-8.618954,41.681863],[-8.619218,41.682152],[-8.618785,41.682359],[-8.617654,41.682549],[-8.61759,41.682882],[-8.617694,41.683179],[-8.617651,41.68343],[-8.618025,41.684141],[-8.619066,41.685022],[-8.619155,41.684968],[-8.619634,41.685149],[-8.619857,41.685364],[-8.620265,41.685278],[-8.620558,41.685441],[-8.62074,41.685732],[-8.620763,41.685956],[-8.62097,41.686166],[-8.620925,41.686596],[-8.621276,41.68684],[-8.6213,41.687098],[-8.621426,41.687282],[-8.621683,41.687265],[-8.62214,41.687532],[-8.622463,41.688174],[-8.622827,41.688648],[-8.622847,41.688917],[-8.622358,41.68894],[-8.622284,41.689136],[-8.622379,41.689725],[-8.62253,41.689788],[-8.62228,41.69051],[-8.622326,41.690795],[-8.622557,41.691038],[-8.623311,41.691504],[-8.623565,41.691902],[-8.623846,41.693698],[-8.624183,41.694005],[-8.624371,41.69458],[-8.624388,41.694945],[-8.624277,41.695002],[-8.624197,41.695255],[-8.624578,41.696011],[-8.624237,41.696235],[-8.624087,41.696791],[-8.624215,41.69776],[-8.624386,41.698111],[-8.624396,41.698445],[-8.624276,41.698468],[-8.624227,41.69861],[-8.624256,41.699325],[-8.624438,41.700393],[-8.624582,41.700604],[-8.624575,41.701376],[-8.624417,41.701689],[-8.624029,41.701881],[-8.624058,41.702282],[-8.62374,41.702655],[-8.62409,41.703472],[-8.624015,41.703889],[-8.623901,41.703931],[-8.623825,41.704182],[-8.623787,41.704612],[-8.623975,41.704998],[-8.623846,41.705676],[-8.623666,41.70592],[-8.623709,41.706429],[-8.623594,41.706959],[-8.623662,41.707353],[-8.62381,41.707531],[-8.623826,41.70794],[-8.623623,41.708291],[-8.623455,41.709265],[-8.623291,41.709621],[-8.623384,41.710253],[-8.623196,41.710661],[-8.622666,41.711239],[-8.622158,41.712514],[-8.621962,41.713228],[-8.622058,41.713465],[-8.621906,41.714305],[-8.621686,41.714764],[-8.621759,41.714845],[-8.621405,41.715054],[-8.621333,41.715785],[-8.620883,41.716476],[-8.620537,41.716769],[-8.620239,41.717416],[-8.620613,41.718197],[-8.621315,41.718937],[-8.621623,41.720161],[-8.622002,41.721123],[-8.621703,41.722377],[-8.621113,41.72302],[-8.620955,41.72336],[-8.621311,41.724987],[-8.621343,41.725499],[-8.621216,41.726082],[-8.621332,41.726417],[-8.622129,41.727619],[-8.622872,41.728304],[-8.623614,41.728636],[-8.623756,41.728813],[-8.623932,41.729461],[-8.623875,41.730243],[-8.624042,41.730603],[-8.624479,41.731019],[-8.624545,41.73142],[-8.624445,41.731512],[-8.624455,41.731653],[-8.624148,41.731893],[-8.62329,41.733081],[-8.623435,41.733595],[-8.623411,41.733897],[-8.62282,41.73557],[-8.623154,41.736504],[-8.623461,41.737795],[-8.623766,41.738417],[-8.623735,41.738878],[-8.623509,41.739429],[-8.62247,41.740159],[-8.621653,41.740957],[-8.621756,41.74092],[-8.621671,41.740959],[-8.621747,41.740989],[-8.621689,41.740934],[-8.621632,41.741071],[-8.620659,41.741519],[-8.619759,41.742504],[-8.619172,41.743346],[-8.617777,41.744808],[-8.617084,41.745287],[-8.616993,41.745447],[-8.615442,41.74642],[-8.614622,41.747106],[-8.61378,41.747574],[-8.612795,41.74845],[-8.612577,41.748787],[-8.612569,41.749127],[-8.612453,41.749324],[-8.611577,41.750314],[-8.610709,41.75099],[-8.610616,41.751282],[-8.610161,41.751741],[-8.609,41.753526],[-8.608399,41.753809],[-8.607942,41.754208],[-8.606818,41.754455],[-8.605711,41.755022],[-8.605167,41.755163],[-8.60494,41.755369],[-8.604893,41.755971],[-8.604612,41.756177],[-8.603849,41.756409],[-8.60358,41.756436],[-8.603613,41.756349],[-8.603557,41.756461],[-8.602925,41.756489],[-8.602942,41.756849],[-8.602672,41.757169],[-8.601553,41.757727],[-8.600387,41.758615],[-8.600067,41.75942],[-8.599318,41.760533],[-8.598687,41.760808],[-8.595301,41.761126],[-8.592039,41.762288],[-8.5906,41.763093],[-8.58976,41.763843],[-8.588532,41.764615],[-8.586183,41.766414],[-8.585351,41.767328],[-8.585171,41.767361]]}},{"type":"Feature","properties":{"stage":4,"name":"Aborim","type":"town"},"geometry":{"type":"Point","coordinates":[-8.636087,41.611723]}},{"type":"Feature","properties":{"name":"O Refuxio de la Jerezana (spontane Zusatznacht, Redondela)","type":"real-change"},"geometry":{"type":"Point","coordinates":[-8.6229,42.2839]}},{"type":"Feature","properties":{"name":"Islas Cíes (Inselausflug ab Redondela) — Baden im Atlantik, Wanderung zum höchsten Punkt","type":"real-change"},"geometry":{"type":"Point","coordinates":[-8.9077,42.227]}},{"type":"Feature","properties":{"name":"Mosteiro de Armenteira (statt Caldas de Reis, von Freunden organisiert)","type":"real-change"},"geometry":{"type":"Point","coordinates":[-8.7644,42.5378]}},{"type":"Feature","properties":{"name":"Vilanova de Arousa (statt Padrón, Spiritueller Weg)","type":"real-change"},"geometry":{"type":"Point","coordinates":[-8.8127,42.5677]}},{"type":"Feature","properties":{"name":"O Faramello (statt O Milladoiro, Rückkehr zur Zentralroute)","type":"real-change"},"geometry":{"type":"Point","coordinates":[-8.663,42.743]}},{"type":"Feature","properties":{"name":"Pontecesures (Ankunft Pilgerboot)","type":"real-change"},"geometry":{"type":"Point","coordinates":[-8.6959,42.7237]}},{"type":"Feature","properties":{"stage":13,"label":"Vilanova de Arousa → Pontecesures","date":"13.09.2026 (Schiff)","km":"Boot, ca. 18 km","note":"Plan geändert","mode":"boat"},"geometry":{"type":"LineString","coordinates":[[-8.8127,42.5677],[-8.6959,42.7237]]}},{"type":"Feature","properties":{"stage":9,"label":"Redondela → Vigo","date":"09.09.2026 (Ruhetag)","km":"ca. 15 km","note":"","mode":"bus"},"geometry":{"type":"LineString","coordinates":[[-8.610173,42.280842],[-8.610181,42.280831],[-8.610185,42.280823],[-8.610206,42.280786],[-8.610211,42.280778],[-8.610236,42.280738],[-8.61043,42.280825],[-8.610626,42.280913],[-8.610685,42.280975],[-8.610704,42.280996],[-8.610712,42.281017],[-8.610728,42.281035],[-8.610752,42.281049],[-8.610782,42.281057],[-8.610813,42.281057],[-8.610842,42.28105],[-8.610867,42.281036],[-8.610885,42.281016],[-8.610892,42.280993],[-8.610889,42.280969],[-8.610884,42.280961],[-8.610907,42.280917],[-8.610923,42.280846],[-8.610925,42.280772],[-8.610951,42.280638],[-8.610965,42.28057],[-8.610986,42.280518],[-8.611024,42.28045],[-8.611052,42.280402],[-8.611064,42.280386],[-8.611077,42.280371],[-8.61112,42.280319],[-8.611178,42.280264],[-8.611199,42.280241],[-8.611216,42.280223],[-8.611263,42.280167],[-8.611316,42.280101],[-8.611352,42.280031],[-8.61139,42.279964],[-8.611401,42.279934],[-8.611416,42.279882],[-8.611443,42.279725],[-8.611432,42.279566],[-8.611416,42.279485],[-8.611422,42.279467],[-8.611434,42.279454],[-8.61145,42.279447],[-8.611464,42.279444],[-8.611954,42.279397],[-8.612011,42.279392],[-8.61212,42.279382],[-8.612518,42.279349],[-8.61262,42.27934],[-8.612676,42.279335],[-8.612715,42.279537],[-8.61285,42.280307],[-8.612911,42.280659],[-8.612978,42.281129],[-8.613014,42.281345],[-8.613089,42.281798],[-8.613103,42.281892],[-8.61311,42.281944],[-8.613137,42.282122],[-8.613166,42.282316],[-8.613173,42.282365],[-8.61319,42.282462],[-8.613226,42.282672],[-8.613278,42.282872],[-8.613293,42.282942],[-8.613314,42.283038],[-8.613352,42.283129],[-8.613399,42.283201],[-8.613463,42.283269],[-8.613547,42.283339],[-8.613643,42.283401],[-8.613734,42.283443],[-8.613839,42.28348],[-8.613972,42.283523],[-8.614122,42.283554],[-8.614201,42.283566],[-8.614324,42.283571],[-8.614524,42.283567],[-8.614875,42.283525],[-8.614903,42.283522],[-8.615648,42.283439],[-8.616255,42.283371],[-8.616832,42.283306],[-8.617123,42.283269],[-8.617658,42.283184],[-8.617777,42.283164],[-8.617975,42.283124],[-8.618244,42.283066],[-8.618291,42.283055],[-8.618624,42.283044],[-8.618691,42.283045],[-8.618732,42.283081],[-8.618785,42.283106],[-8.618846,42.283118],[-8.618909,42.283115],[-8.618968,42.283097],[-8.619017,42.283067],[-8.619026,42.283056],[-8.619134,42.283006],[-8.619231,42.282968],[-8.619322,42.282945],[-8.619852,42.282847],[-8.620461,42.282779],[-8.620766,42.28275],[-8.622197,42.282611],[-8.622804,42.282542],[-8.624027,42.282395],[-8.625108,42.282265],[-8.625242,42.282259],[-8.625481,42.282254],[-8.625637,42.282261],[-8.625754,42.28227],[-8.625905,42.282289],[-8.62612,42.282327],[-8.626254,42.28236],[-8.626471,42.282427],[-8.626692,42.282515],[-8.626907,42.282619],[-8.627075,42.282714],[-8.62742,42.282931],[-8.627677,42.283101],[-8.628015,42.283322],[-8.628193,42.283428],[-8.628401,42.283553],[-8.628823,42.283719],[-8.629116,42.283806],[-8.629504,42.283897],[-8.629747,42.283947],[-8.630736,42.284133],[-8.632098,42.284376],[-8.632908,42.284503],[-8.633092,42.284532],[-8.633254,42.284551],[-8.633583,42.28458],[-8.633874,42.284595],[-8.634402,42.284621],[-8.634684,42.284639],[-8.634977,42.284678],[-8.635158,42.284717],[-8.635371,42.284787],[-8.635553,42.284864],[-8.635697,42.284943],[-8.635878,42.28506],[-8.63602,42.285163],[-8.636141,42.285274],[-8.636382,42.285512],[-8.636804,42.285893],[-8.637104,42.286139],[-8.637258,42.286255],[-8.637547,42.286462],[-8.63782,42.286641],[-8.63807,42.286793],[-8.638332,42.286938],[-8.638642,42.2871],[-8.638922,42.287235],[-8.639313,42.287404],[-8.639579,42.287511],[-8.639831,42.287608],[-8.640064,42.287694],[-8.640133,42.287718],[-8.640299,42.287778],[-8.640677,42.287895],[-8.640891,42.287968],[-8.641034,42.288016],[-8.641338,42.288098],[-8.641893,42.288247],[-8.642324,42.288331],[-8.642615,42.288388],[-8.642876,42.288421],[-8.642957,42.288431],[-8.643872,42.288565],[-8.644414,42.288614],[-8.644743,42.288636],[-8.644977,42.288638],[-8.645133,42.28863],[-8.645328,42.288606],[-8.645602,42.288553],[-8.645842,42.28848],[-8.646033,42.288417],[-8.646214,42.288349],[-8.648063,42.28764],[-8.649063,42.2873],[-8.649253,42.287237],[-8.649477,42.28714],[-8.649719,42.28702],[-8.650439,42.286635],[-8.651299,42.286172],[-8.652816,42.285358],[-8.653035,42.28524],[-8.653152,42.28517],[-8.653242,42.285113],[-8.653324,42.285055],[-8.653451,42.284957],[-8.653617,42.284817],[-8.653856,42.284628],[-8.653991,42.284534],[-8.654091,42.284472],[-8.654193,42.284422],[-8.654337,42.284357],[-8.654609,42.284276],[-8.655198,42.284166],[-8.655673,42.284086],[-8.655939,42.284035],[-8.656114,42.283988],[-8.656242,42.283939],[-8.656365,42.283882],[-8.656537,42.283784],[-8.656974,42.283504],[-8.657126,42.28343],[-8.657406,42.283326],[-8.657556,42.28329],[-8.65771,42.283262],[-8.658293,42.283199],[-8.65852,42.283167],[-8.658778,42.283118],[-8.659044,42.283064],[-8.659463,42.282974],[-8.65964,42.282906],[-8.659774,42.282838],[-8.659917,42.282737],[-8.660115,42.282548],[-8.660222,42.282407],[-8.660306,42.282291],[-8.660407,42.282128],[-8.660525,42.281915],[-8.660584,42.281768],[-8.660675,42.281521],[-8.66071,42.281399],[-8.66076,42.281232],[-8.660801,42.280852],[-8.660819,42.280653],[-8.66089,42.280507],[-8.660945,42.280461],[-8.660979,42.280403],[-8.661057,42.2803],[-8.661166,42.280156],[-8.661328,42.280011],[-8.661559,42.279837],[-8.661762,42.279689],[-8.661831,42.279601],[-8.661895,42.279472],[-8.661995,42.279267],[-8.662157,42.279137],[-8.662511,42.27901],[-8.662884,42.278905],[-8.663116,42.27888],[-8.663307,42.278908],[-8.663681,42.279074],[-8.663828,42.279107],[-8.663934,42.279118],[-8.664061,42.279115],[-8.664166,42.279103],[-8.664299,42.279077],[-8.664406,42.279044],[-8.664504,42.279007],[-8.664592,42.278958],[-8.664679,42.278903],[-8.664779,42.27882],[-8.664874,42.278731],[-8.664969,42.278622],[-8.665059,42.278517],[-8.665258,42.278227],[-8.665412,42.277959],[-8.665668,42.277437],[-8.66584,42.277015],[-8.665939,42.276717],[-8.666003,42.276461],[-8.666079,42.276158],[-8.666099,42.275933],[-8.666081,42.275759],[-8.666092,42.27534],[-8.666023,42.274933],[-8.66589,42.274508],[-8.665701,42.274076],[-8.665467,42.273672],[-8.665174,42.273272],[-8.664564,42.27251],[-8.66431,42.272129],[-8.664071,42.271688],[-8.663896,42.271225],[-8.663781,42.270709],[-8.663741,42.27022],[-8.663802,42.269612],[-8.663946,42.269066],[-8.664209,42.268442],[-8.664579,42.267873],[-8.664965,42.267387],[-8.665486,42.266869],[-8.665841,42.266573],[-8.666278,42.266283],[-8.667283,42.265727],[-8.667804,42.265452],[-8.668287,42.265156],[-8.668731,42.264845],[-8.668963,42.264646],[-8.66934,42.2643],[-8.670305,42.263232],[-8.670775,42.262793],[-8.671404,42.262243],[-8.672144,42.261677],[-8.672948,42.26115],[-8.673281,42.260955],[-8.673482,42.260821],[-8.673865,42.260515],[-8.674553,42.259889],[-8.674834,42.259523],[-8.6752,42.259021],[-8.675579,42.258499],[-8.675895,42.258153],[-8.676318,42.25783],[-8.676831,42.257551],[-8.677317,42.257316],[-8.677868,42.257022],[-8.67841,42.256682],[-8.678762,42.256429],[-8.679589,42.255861],[-8.679923,42.255671],[-8.680289,42.255493],[-8.681057,42.255188],[-8.681721,42.254931],[-8.682127,42.254755],[-8.682505,42.254561],[-8.682826,42.25437],[-8.683119,42.254177],[-8.68341,42.253945],[-8.683683,42.253707],[-8.683925,42.253478],[-8.685026,42.252348],[-8.685669,42.251718],[-8.686061,42.251349],[-8.686313,42.251127],[-8.686613,42.250887],[-8.68676,42.250782],[-8.687068,42.250593],[-8.687407,42.250421],[-8.687766,42.250267],[-8.688156,42.250135],[-8.688541,42.25003],[-8.688934,42.249955],[-8.689268,42.24991],[-8.690403,42.249769],[-8.69105,42.249659],[-8.691577,42.249537],[-8.692198,42.249361],[-8.692521,42.249249],[-8.6929,42.249103],[-8.693247,42.248946],[-8.693584,42.248778],[-8.693922,42.248588],[-8.694181,42.248434],[-8.694391,42.248292],[-8.694555,42.248171],[-8.694831,42.24795],[-8.695143,42.247675],[-8.695451,42.24737],[-8.695987,42.246772],[-8.696156,42.246588],[-8.696369,42.246387],[-8.69664,42.246182],[-8.696981,42.245987],[-8.697445,42.245767],[-8.697754,42.245626],[-8.698118,42.245443],[-8.698438,42.245256],[-8.698742,42.245058],[-8.699135,42.244768],[-8.699628,42.244373],[-8.699956,42.244153],[-8.700141,42.244042],[-8.700439,42.243889],[-8.701713,42.24333],[-8.702103,42.243131],[-8.702542,42.242877],[-8.703045,42.242532],[-8.703287,42.242348],[-8.703566,42.242174],[-8.703853,42.241925],[-8.704163,42.241631],[-8.704358,42.241412],[-8.704464,42.241283],[-8.704527,42.241203],[-8.70471,42.240892],[-8.704869,42.240621],[-8.70516,42.240125],[-8.705362,42.23978],[-8.705546,42.239517],[-8.70578,42.239329],[-8.70603,42.239157],[-8.706322,42.239023],[-8.70667,42.238882],[-8.707,42.238759],[-8.707322,42.238665],[-8.707612,42.238645],[-8.708053,42.23876],[-8.708366,42.238901],[-8.70844,42.238939],[-8.708484,42.238967],[-8.70852,42.239005],[-8.708551,42.239058],[-8.708542,42.239092],[-8.708542,42.239126],[-8.708551,42.23916],[-8.708569,42.239192],[-8.708609,42.239234],[-8.708663,42.239265],[-8.708726,42.239284],[-8.708795,42.23929],[-8.708858,42.239282],[-8.708916,42.239262],[-8.708965,42.239232],[-8.709019,42.239233],[-8.709071,42.239235],[-8.709128,42.239242],[-8.709185,42.239264],[-8.709386,42.239357],[-8.709576,42.239444],[-8.709773,42.239503],[-8.709974,42.239597],[-8.71004,42.23962],[-8.710103,42.239628],[-8.710178,42.239614],[-8.710226,42.239597],[-8.710938,42.239248],[-8.711229,42.239107],[-8.711504,42.238983],[-8.711796,42.238866],[-8.711938,42.23882],[-8.712036,42.238808],[-8.712137,42.238801],[-8.712314,42.238801],[-8.712348,42.2388],[-8.712498,42.238799],[-8.712732,42.238797],[-8.712848,42.238796],[-8.713081,42.238794],[-8.713383,42.238793],[-8.713782,42.238789],[-8.714392,42.238787],[-8.714483,42.23879],[-8.714665,42.238795],[-8.714829,42.238808],[-8.71516,42.238848],[-8.71547,42.238894],[-8.716263,42.239035],[-8.716524,42.239082],[-8.716762,42.239129],[-8.717027,42.23922],[-8.717142,42.239265],[-8.717208,42.239317],[-8.717258,42.239366],[-8.717305,42.239415],[-8.717341,42.23946],[-8.717345,42.239502],[-8.717362,42.239543],[-8.717346,42.239644],[-8.717323,42.239696],[-8.717306,42.239732],[-8.717249,42.239749],[-8.717168,42.239793],[-8.71711,42.239855],[-8.717082,42.239927],[-8.717086,42.240002],[-8.717122,42.240072],[-8.717184,42.240127],[-8.717265,42.240166],[-8.717359,42.240185],[-8.717456,42.240181],[-8.717612,42.240185],[-8.717719,42.240206],[-8.717955,42.240312],[-8.718303,42.240506],[-8.718499,42.240628],[-8.718636,42.240692],[-8.718851,42.240779],[-8.719108,42.240923],[-8.71928,42.240997],[-8.719447,42.241059],[-8.719661,42.241113],[-8.719834,42.241139],[-8.720032,42.241155],[-8.720225,42.241155],[-8.720793,42.241129],[-8.722801,42.241028],[-8.724423,42.240952],[-8.724609,42.240944],[-8.725254,42.240917],[-8.72542,42.240898],[-8.725666,42.240848],[-8.725919,42.240771],[-8.726404,42.240561],[-8.726658,42.240413],[-8.727248,42.240068],[-8.727706,42.239783],[-8.728737,42.239196],[-8.728869,42.239119],[-8.729026,42.239005],[-8.729119,42.238912],[-8.729271,42.238725],[-8.729398,42.238493],[-8.729511,42.238219],[-8.729563,42.238031],[-8.729669,42.237742],[-8.729778,42.23751],[-8.729878,42.237369],[-8.729939,42.237299],[-8.730022,42.237228],[-8.730121,42.237154],[-8.730254,42.237123],[-8.730471,42.237047],[-8.730886,42.236926],[-8.731138,42.236853],[-8.731315,42.23679],[-8.731488,42.23671],[-8.731655,42.236616],[-8.731708,42.236588],[-8.73176,42.236561],[-8.73182,42.236557],[-8.731876,42.236541],[-8.731933,42.236508],[-8.731971,42.236462],[-8.731988,42.23641],[-8.731987,42.236385],[-8.731972,42.23634],[-8.73194,42.2363],[-8.731894,42.236268],[-8.731838,42.236247],[-8.731776,42.23624],[-8.731743,42.236241],[-8.731695,42.23625],[-8.731651,42.236266],[-8.731613,42.23629],[-8.731584,42.236319],[-8.731565,42.236349],[-8.731555,42.236381],[-8.731554,42.236413],[-8.731492,42.236467],[-8.731468,42.236488],[-8.731386,42.236543],[-8.731239,42.236612],[-8.731101,42.23667],[-8.730979,42.236708],[-8.730783,42.236762],[-8.730638,42.236805],[-8.730494,42.23685],[-8.730343,42.236903],[-8.730124,42.236995],[-8.730011,42.237046],[-8.729906,42.237109],[-8.729796,42.237208],[-8.729732,42.23726],[-8.729695,42.237315],[-8.729591,42.237481],[-8.729462,42.237778],[-8.729387,42.237993],[-8.729346,42.23807],[-8.729317,42.238114],[-8.729275,42.23815],[-8.729234,42.238169],[-8.729195,42.238187],[-8.729169,42.238213],[-8.72916,42.238237],[-8.729157,42.23828],[-8.729173,42.238331],[-8.729199,42.238369],[-8.729215,42.238402],[-8.729225,42.238429],[-8.72923,42.238474],[-8.729231,42.238511],[-8.729218,42.23858],[-8.729188,42.238668],[-8.729159,42.238732],[-8.729114,42.2388],[-8.72907,42.238855],[-8.729016,42.23891],[-8.728937,42.238983],[-8.728772,42.239102],[-8.727608,42.239742],[-8.727468,42.239818],[-8.727421,42.239829],[-8.727381,42.23985],[-8.727351,42.239878],[-8.727285,42.239939],[-8.727215,42.239996],[-8.727162,42.240041],[-8.727049,42.240115],[-8.726913,42.240197],[-8.726778,42.240264],[-8.726589,42.240333],[-8.726458,42.240356],[-8.726371,42.240365],[-8.726265,42.240367],[-8.726108,42.240368],[-8.725982,42.240371]]}},{"type":"Feature","properties":{"stage":9,"label":"Vigo → Islas Cíes","date":"09.09.2026 (Ruhetag)","km":"Boot, ca. 45 Min","note":"","mode":"boat"},"geometry":{"type":"LineString","coordinates":[[-8.7259846,42.2404559],[-8.9077,42.227]]}}]}